antecedents,consequents,support,confidence,lift
1% Lowfat Milk,Banana,0.00114,0.2614678899082568,1.8070902613052515
100 Calorie  Per Bag Popcorn,Banana,0.00103,0.2512195121951219,1.7362603648843868
100% Raw Coconut Water,Bag of Organic Bananas,0.00296,0.252129471890971,2.092360762580672
100% Raw Coconut Water,Organic Hass Avocado,0.00202,0.1720613287904599,2.575382858710672
100% Raw Coconut Water,Organic Strawberries,0.00161,0.1371379897785349,1.6538590180720565
100% Raw Coconut Water,Organic Baby Spinach,0.00146,0.1243611584327086,1.668157725455515
100% Raw Coconut Water,Organic Raspberries,0.00129,0.1098807495741056,2.548845965532489
100% Recycled Paper Towels,Bag of Organic Bananas,0.00203,0.2213740458015267,1.837129010801052
100% Recycled Paper Towels,Organic Hass Avocado,0.00124,0.1352235550708833,2.024001722360176
100% Recycled Paper Towels,Organic Baby Spinach,0.00112,0.1221374045801526,1.6383286999349786
100% Whole Wheat Bread,Banana,0.00505,0.2538964303670186,1.7547614235055538
100% Whole Wheat Bread,Organic Strawberries,0.0026,0.130718954248366,1.576446626246575
2% Reduced Fat DHA Omega-3 Reduced Fat Milk,Banana,0.00105,0.260545905707196,1.800718126388804
2% Reduced Fat Milk,Banana,0.00298,0.263018534863195,1.8178072766825284
2% Reduced Fat Organic Milk,Banana,0.00136,0.2714570858283433,1.8761288674292853
Aged White Cheddar Baked Rice & Corn Puffs Gluten Free Lunch Packs,Organic Strawberries,0.00117,0.3333333333333333,4.019938896928767
Air Chilled Organic Boneless Skinless Chicken Breasts,Bag of Organic Bananas,0.00111,0.2118320610687023,1.757942415507903
Apple Honeycrisp Organic,Bag of Organic Bananas,0.00723,0.2774366845740599,2.302379125095933
Apple Honeycrisp Organic,Organic Hass Avocado,0.00522,0.2003069838833461,2.9981587170086232
Apple Honeycrisp Organic,Organic Strawberries,0.00503,0.1930161166538756,2.3277389852131654
Apple Honeycrisp Organic,Organic Baby Spinach,0.00352,0.1350729086722947,1.811843174678668
Apple Honeycrisp Organic,Organic Raspberries,0.00333,0.1277820414428242,2.96409281936498
Apples,Clementines,0.00115,0.279126213592233,29.505942240193765
Apples,Bag of Organic Bananas,0.00108,0.2621359223300971,2.1754018450630466
Asparagus,Organic Baby Spinach,0.00351,0.1739345887016848,2.333126609009857
Asparagus,Large Lemon,0.00293,0.1451932606541129,3.0741744792316954
Asparagus,Organic Strawberries,0.00278,0.1377601585728444,1.6613622596821565
Asparagus,Organic Avocado,0.00269,0.1333002973240832,2.4454283126781
Asparagus,Organic Hass Avocado,0.00244,0.1209117938553022,1.809785868212877
Asparagus,Limes,0.00211,0.1045589692765114,2.470091407429988
Asparation/Broccolini/Baby Broccoli,Banana,0.00181,0.3528265107212475,2.4384996248617563
Baby Cucumbers,Hass Avocados,0.00103,0.2200854700854701,13.66141962045128
Baby Spinach,Bag of Organic Bananas,0.0014,0.1864181091877496,1.547038250520744
Baby Spinach,Organic Hass Avocado,0.00107,0.1424766977363515,2.13256545032707
Bag of Organic Bananas,Organic Hass Avocado,0.02013,0.1670539419087137,2.500433197256604
Bag of Organic Bananas,Organic Strawberries,0.01899,0.1575933609958506,1.9005470452948705
Bag of Organic Bananas,Organic Baby Spinach,0.01546,0.1282987551867219,1.7209759247045202
Bag of Organic Bananas,Organic Raspberries,0.01301,0.1079668049792531,2.504449199240388
Baked Aged White Cheddar Rice and Corn Puffs,Organic Strawberries,0.00103,0.2524509803921568,3.0445125469386984
Banana,Organic Avocado,0.01544,0.1067108991637293,1.9576389499858624
Bartlett Pears,Banana,0.00407,0.3595406360424028,2.484903144947148
Bartlett Pears,Strawberries,0.00146,0.1289752650176678,2.8970185313941568
Bartlett Pears,Organic Avocado,0.00142,0.1254416961130742,2.3012602479008293
Bartlett Pears,Organic Baby Spinach,0.00133,0.1174911660777385,1.5760049104995106
Bartlett Pears,Large Lemon,0.00124,0.1095406360424028,2.319302054677172
Bartlett Pears,Organic Fuji Apple,0.00121,0.1068904593639576,3.8408357658626513
Berry Medley,Banana,0.00135,0.3221957040572792,2.226800083331808
Bing Cherries,Organic Strawberries,0.00115,0.25,3.014954172696575
Bing Cherries,Banana,0.00114,0.2478260869565217,1.7128072911501948
Black Beans,Banana,0.00106,0.2436781609195402,1.6841396151740975
Blackberries,Raspberries,0.00196,0.26812585499316,15.26043568543882
Blackberries,Strawberries,0.00187,0.2558139534883721,5.746045675839445
Blackberries,Organic Blueberries,0.00106,0.1450068399452804,4.695817355740947
Blueberries,Banana,0.00493,0.2755729457797652,1.904574924181113
Blueberries,Strawberries,0.00288,0.1609837898267188,3.615988091345886
Blueberries,Raspberries,0.00186,0.1039686975964225,5.917398838726386
Boneless Skinless Chicken Breast,Banana,0.00165,0.237410071942446,1.6408187984134774
Boneless Skinless Chicken Breast,Organic Baby Spinach,0.00105,0.1510791366906475,2.026547775863816
Boneless Skinless Chicken Breasts,Banana,0.00452,0.2848141146817895,1.9684436704802648
Boneless Skinless Chicken Breasts,Organic Baby Spinach,0.0026,0.1638311279143037,2.197600642713665
Boneless Skinless Chicken Breasts,Organic Avocado,0.00233,0.146817895400126,2.693412133555789
Boneless Skinless Chicken Breasts,Organic Strawberries,0.00204,0.1285444234404537,1.5502221833146852
Boneless Skinless Chicken Breasts,Large Lemon,0.00186,0.1172022684310019,2.481521669087485
Boneless Skinless Chicken Breasts,Cucumber Kirby,0.00183,0.1153119092627599,3.768363047802612
Boneless Skinless Chicken Breasts,Limes,0.00163,0.1027095148078134,2.4264000663315257
Broccoli Crown,Banana,0.00455,0.3370370370370371,2.3293733985557887
Broccoli Crown,Organic Avocado,0.00221,0.1637037037037037,3.003186639216725
Broccoli Crown,Organic Baby Spinach,0.00217,0.1607407407407407,2.156146757085724
Broccoli Crown,Large Lemon,0.00212,0.157037037037037,3.324942558480564
Broccoli Crown,Cucumber Kirby,0.00148,0.1096296296296296,3.5826676349552167
Broccoli Crown,Limes,0.00139,0.1029629629629629,2.432387502078029
Bunched Cilantro,Limes,0.00346,0.2476735862562634,5.8510178657279335
Bunched Cilantro,Banana,0.00336,0.2405153901216893,1.662280669857553
Bunched Cilantro,Organic Avocado,0.00222,0.1589119541875447,2.915280759265176
Bunched Cilantro,Large Lemon,0.00211,0.1510379384395132,3.197923744220056
Bunched Cilantro,Jalapeno Peppers,0.00182,0.1302791696492484,9.707836784593772
Bunched Cilantro,Organic Baby Spinach,0.00172,0.1231209735146743,1.6515221128728943
Cantaloupe,Organic Strawberries,0.00202,0.2496909765142151,3.0112274061048616
Cantaloupe,Banana,0.00194,0.2398022249690976,1.657351751807987
Cantaloupe,Bag of Organic Bananas,0.00193,0.2385661310259579,1.9798019172278671
Cantaloupe,Organic Hass Avocado,0.00114,0.1409147095179233,2.1091858930986884
Cantaloupe,Organic Baby Spinach,0.00108,0.1334981458590853,1.7907195956953088
Carrots,Bag of Organic Bananas,0.00409,0.1808934099955771,1.5011901244446235
Carrots,Organic Baby Spinach,0.00375,0.1658558160106147,2.224759436762102
Carrots,Organic Yellow Onion,0.00315,0.1393188854489164,3.9919451418027614
Carrots,Organic Strawberries,0.00311,0.1375497567448031,1.6588248522045728
Carrots,Organic Hass Avocado,0.0029,0.1282618310482087,1.9197998959468452
Carrots,Organic Zucchini,0.00273,0.1207430340557275,3.78504808952124
Carrots,Organic Garlic,0.00261,0.1154356479433878,3.4769773476924057
Carrots,Limes,0.00252,0.1114551083591331,2.63300515849594
Carrots,Organic Small Bunch Celery,0.00247,0.1092436974789915,5.062265870203503
Celery Hearts,Bag of Organic Bananas,0.00103,0.2587939698492462,2.147667799578807
Cherubs Heavenly Salad Tomatoes,Banana,0.00178,0.2489510489510489,1.7205822721062196
Chicken & Maple Breakfast Sausage,Organic Strawberries,0.00127,0.2224168126094571,2.68230598901902
Chicken & Maple Breakfast Sausage,Bag of Organic Bananas,0.00118,0.2066549912434326,1.714979180443424
Clementines,Bag of Organic Bananas,0.00208,0.2198731501057082,1.8246734448606492
Clementines,Hass Avocados,0.00118,0.1247357293868921,7.742751668956685
Clementines,Apples,0.00115,0.1215644820295983,29.50594224019376
Clementines,Strawberries,0.00114,0.120507399577167,2.706814905147508
Clementines,Raspberries,0.00108,0.1141649048625792,6.497717977380722
Crackers Cheddar Bunnies Snack Packs,Banana,0.00116,0.3068783068783068,2.120936532436981
Cucumber Kirby,Banana,0.01008,0.3294117647058824,2.2766726429323545
Cucumber Kirby,Organic Baby Spinach,0.00511,0.1669934640522876,2.240019638528338
Cucumber Kirby,Organic Avocado,0.00477,0.1558823529411764,2.8597019435181887
Cucumber Kirby,Large Lemon,0.00436,0.1424836601307189,3.016804152672432
Cucumber Kirby,Organic Strawberries,0.00384,0.1254901960784313,1.5133887611967125
Cucumber Kirby,Limes,0.0034,0.1111111111111111,2.6248785993647794
European Cucumber,Banana,0.00135,0.2432432432432432,1.6811337566054547
Extra Virgin Olive Oil,Organic Baby Spinach,0.00205,0.1346911957950066,1.8067229482898268
Extra Virgin Olive Oil,Large Lemon,0.00172,0.1130091984231274,2.392741867946802
Extra Virgin Olive Oil,Organic Hass Avocado,0.00164,0.1077529566360052,1.612826771980321
Ezekiel 4:9 Bread Organic Sprouted Whole Grain,Bag of Organic Bananas,0.00113,0.1965217391304347,1.6308858019123218
Ezekiel 4:9 Bread Organic Sprouted Whole Grain,Organic Hass Avocado,0.00101,0.1756521739130435,2.629129979240286
Ezekiel 4:9 Bread Organic Sprouted Whole Grain,Organic Baby Spinach,0.001,0.1739130434782608,2.3328376053421978
Fat Free Milk,Banana,0.00198,0.2183020948180815,1.5087573074717089
Feta Cheese Crumbles,Banana,0.00267,0.2651439920556107,1.8324970077794644
Feta Cheese Crumbles,Organic Baby Spinach,0.00215,0.2135054617676266,2.8639230284054538
Feta Cheese Crumbles,Organic Strawberries,0.00154,0.1529294935451837,1.8443016587697023
Feta Cheese Crumbles,Organic Avocado,0.00139,0.138033763654419,2.532264972563182
Feta Cheese Crumbles,Organic Hass Avocado,0.00134,0.1330685203574975,1.9917455524247492
Feta Cheese Crumbles,Large Lemon,0.00128,0.1271102284011916,2.6913027398092666
Feta Cheese Crumbles,Cucumber Kirby,0.00124,0.1231380337636544,4.024118750446223
Feta Cheese Crumbles,Limes,0.00123,0.12214498510427,2.8855418167793547
Feta Cheese Crumbles,Organic Grape Tomatoes,0.0012,0.1191658391261171,4.560499009801651
Feta Cheese Crumbles,Organic Garlic,0.00101,0.1002979145978152,3.021021524030581
Fresh CA Grown Eggs,Banana,0.00104,0.303206997084548,2.0955629074887554
Fresh Cauliflower,Bag of Organic Bananas,0.00415,0.1896709323583181,1.5740326336789885
Fresh Cauliflower,Organic Baby Spinach,0.00398,0.1819012797074954,2.439990338128711
Fresh Cauliflower,Organic Hass Avocado,0.00347,0.1585923217550274,2.3737811967523936
Fresh Cauliflower,Organic Strawberries,0.00343,0.1567641681901279,1.8905471320565364
Fresh Cauliflower,Organic Garlic,0.00255,0.11654478976234,3.510385233805423
Fresh Cauliflower,Organic Zucchini,0.00252,0.1151736745886654,3.610460018453463
Fresh Cauliflower,Organic Avocado,0.0025,0.1142595978062157,2.096121772265928
Fresh Cauliflower,Organic Yellow Onion,0.00249,0.1138025594149908,3.260818321346443
Fresh Cauliflower,Large Lemon,0.00229,0.1046617915904936,2.2160023627036542
Fresh Ginger Root,Limes,0.00127,0.1732605729877217,4.093091731342351
Fresh Ginger Root,Large Lemon,0.00104,0.1418826739427012,3.0040794821660217
Frozen Broccoli Florets,Banana,0.0014,0.2916666666666667,2.0158039025963554
Frozen Organic Wild Blueberries,Bag of Organic Bananas,0.00265,0.2780692549842602,2.307628672068549
Frozen Organic Wild Blueberries,Organic Baby Spinach,0.0023,0.2413431269674711,3.237332353688412
Frozen Organic Wild Blueberries,Organic Whole Strawberries,0.00219,0.229800629590766,23.88779933375946
Frozen Organic Wild Blueberries,Organic Raspberries,0.0018,0.1888772298006295,4.381285775936664
Frozen Organic Wild Blueberries,Organic Hass Avocado,0.00172,0.1804826862539349,2.7014322145477467
Frozen Organic Wild Blueberries,Organic Strawberries,0.00148,0.155299055613851,1.87287814295527
Frozen Organic Wild Blueberries,Organic Avocado,0.001,0.1049317943336831,1.925000813312844
Gala Apples,Banana,0.00277,0.3630406290956749,2.509092743767192
Garlic,Banana,0.00261,0.2332439678284182,1.6120254877905744
Garlic,Large Lemon,0.00155,0.1385165326184093,2.9328082282110794
Garlic,Limes,0.00153,0.1367292225201072,3.230078490907329
Garlic,Organic Avocado,0.00115,0.1027703306523681,1.885348204959974
Garlic,Yellow Onions,0.00113,0.1009830205540661,4.398215180926225
Globe Eggplant,Organic Zucchini,0.00125,0.2345215759849906,7.351773541849236
Gluten Free Whole Grain Bread,Banana,0.00104,0.2295805739514348,1.5867065723369609
Goat Cheese Crumbles,Banana,0.00106,0.2476635514018691,1.7116839546746088
Grade A Large White Eggs,Banana,0.00115,0.2971576227390181,2.0537536992122334
Granny Smith Apples,Banana,0.00388,0.3330472103004291,2.3017983986483457
Granny Smith Apples,Large Lemon,0.00133,0.1141630901287553,2.417173197729311
Granny Smith Apples,Strawberries,0.00122,0.1047210300429184,2.3522243944950234
Grape White/Green Seedless,Banana,0.00328,0.2679738562091503,1.8520551261949705
Grape White/Green Seedless,Bag of Organic Bananas,0.00225,0.1838235294117647,1.5255064681474249
Grape White/Green Seedless,Organic Strawberries,0.00215,0.1756535947712418,2.118350154018836
Grape White/Green Seedless,Organic Baby Spinach,0.00173,0.1413398692810457,1.8959070326096008
Grape White/Green Seedless,Organic Avocado,0.00143,0.1168300653594771,2.1432776620707603
Grape White/Green Seedless,Large Lemon,0.00131,0.1070261437908496,2.266062752294086
Grape White/Green Seedless,Organic Hass Avocado,0.00131,0.1070261437908496,1.6019479687299758
Grape White/Green Seedless,Strawberries,0.00126,0.1029411764705882,2.3122456529781727
Grated Parmesan,Organic Strawberries,0.00229,0.1721804511278195,2.076464678338393
Grated Parmesan,Organic Baby Spinach,0.00214,0.1609022556390977,2.158313288250808
Grated Parmesan,Large Lemon,0.00169,0.1270676691729323,2.690401633981206
Grated Parmesan,Organic Hass Avocado,0.00165,0.1240601503759398,1.856909899355484
Grated Parmesan,Organic Avocado,0.00156,0.1172932330827067,2.151774593335292
Grated Parmesan,Organic Garlic,0.00145,0.1090225563909774,3.283811939487272
Grated Parmesan,Organic Yellow Onion,0.00139,0.1045112781954887,2.994592498438072
Grated Parmesan,Limes,0.00133,0.1,2.3623907394283017
Green Beans,Banana,0.00271,0.3038116591928251,2.0997419254462995
Green Beans,Large Lemon,0.00142,0.1591928251121076,3.370587023334906
Green Beans,Organic Avocado,0.00135,0.1513452914798206,2.7764683815780704
Green Beans,Organic Baby Spinach,0.00127,0.1423766816143497,1.9098146427142824
Green Beans,Limes,0.001,0.1121076233183856,2.6484201114667054
Green Bell Pepper,Bag of Organic Bananas,0.00306,0.182034503271862,1.5106597781897262
Green Bell Pepper,Organic Hass Avocado,0.00266,0.1582391433670434,2.3684948864996778
Green Bell Pepper,Organic Strawberries,0.00264,0.1570493753718025,1.8939866783864272
Green Bell Pepper,Organic Yellow Onion,0.00257,0.1528851873884592,4.380664395084792
Green Bell Pepper,Organic Baby Spinach,0.00246,0.1463414634146341,1.9629974971781912
Green Bell Pepper,Organic Red Bell Pepper,0.00219,0.1302795954788816,7.185857445056902
Green Bell Pepper,Red Peppers,0.00206,0.1225461035098156,6.907897604837408
Green Bell Pepper,Organic Garlic,0.00196,0.1165972635336109,3.511965769084667
Green Bell Pepper,Limes,0.00179,0.106484235574063,2.5155737201526827
Green Onions,Banana,0.00185,0.2399481193255512,1.6583600755100645
Green Onions,Bunched Cilantro,0.00116,0.1504539559014267,10.769789255649728
Green Onions,Large Lemon,0.00102,0.1322957198443579,2.801095063399491
Ground Turkey Breast,Banana,0.00212,0.2482435597189695,1.7156925822031204
Ground Turkey Breast,Organic Baby Spinach,0.00184,0.2154566744730679,2.890096237063285
Ground Turkey Breast,Bag of Organic Bananas,0.00158,0.1850117096018735,1.5353668846628508
Ground Turkey Breast,Organic Strawberries,0.00152,0.1779859484777517,2.146477912177421
Ground Turkey Breast,Organic Avocado,0.00131,0.1533957845433255,2.8140852053444414
Ground Turkey Breast,Organic Hass Avocado,0.00122,0.1428571428571428,2.1382598841063145
Ground Turkey Breast,Organic Yellow Onion,0.00103,0.1206088992974238,3.45584238674567
Half & Half,Banana,0.00473,0.2207186187587494,1.5254586962385055
Half & Half,Organic Strawberries,0.0028,0.1306579561362575,1.5757110001960637
Hass Avocado,Banana,0.00123,0.2188612099644128,1.5126215354510524
Hass Avocados,Bag of Organic Bananas,0.0036,0.223463687150838,1.8544704327870372
Hass Avocados,Organic Baby Spinach,0.00203,0.1260086902545003,1.6902574145472875
Hass Avocados,Raspberries,0.00172,0.1067659838609559,6.076606935740236
Hass Avocados,Strawberries,0.00168,0.1042830540037244,2.342386657765598
Honey Nut Cheerios,Banana,0.00216,0.2720403022670025,1.8801596673370828
Honeycrisp Apple,Banana,0.00901,0.3552839116719243,2.455483528038733
Honeycrisp Apple,Organic Strawberries,0.00362,0.1427444794952681,1.7214722563346376
Honeycrisp Apple,Organic Avocado,0.00348,0.1372239747634069,2.5174091866337727
Honeycrisp Apple,Large Lemon,0.00304,0.1198738170347003,2.538086322987515
Honeycrisp Apple,Organic Baby Spinach,0.00285,0.1123817034700315,1.5074675180420058
Honeycrisp Apple,Organic Hass Avocado,0.0028,0.1104100946372239,1.652598333142104
Icelandic Style Skyr Blueberry Non-fat Yogurt,Banana,0.00179,0.276661514683153,1.9120983805594924
Italian Sparkling Mineral Water,Organic Strawberries,0.00134,0.1398747390396659,1.6868637124899415
Italian Sparkling Mineral Water,Organic Baby Spinach,0.0012,0.1252609603340292,1.6802275028038796
Italian Sparkling Mineral Water,Organic Hass Avocado,0.00117,0.1221294363256785,1.828011320546004
Italian Sparkling Mineral Water,Organic Avocado,0.001,0.104384133611691,1.9149538362078704
Jalapeno Peppers,Limes,0.00352,0.2622950819672131,6.196434726369316
Jalapeno Peppers,Organic Avocado,0.00223,0.1661698956780924,3.0484295666500167
Jalapeno Peppers,Organic Cilantro,0.00222,0.165424739195231,7.543307760840447
Jalapeno Peppers,Organic Baby Spinach,0.002,0.1490312965722801,1.9990784248461455
Jalapeno Peppers,Large Lemon,0.00199,0.1482861400894188,3.1396599637818925
Jalapeno Peppers,Bunched Cilantro,0.00182,0.1356184798807749,9.70783678459377
Jalapeno Peppers,Organic Hass Avocado,0.00176,0.1311475409836065,1.962992680491043
Jalapeno Peppers,Organic Garlic,0.00164,0.1222056631892697,3.6808934695563176
Jalapeno Peppers,Organic Red Onion,0.00141,0.1050670640834575,5.107781433323166
Jalapeno Peppers,Yellow Onions,0.00138,0.1028315946348733,4.47872798932375
Jalapeno Peppers,Organic Yellow Onion,0.00135,0.1005961251862891,2.8824104637905195
Large Alfresco Eggs,Bag of Organic Bananas,0.0029,0.231629392971246,1.922235626317394
Large Alfresco Eggs,Organic Baby Spinach,0.00185,0.1477635782747604,1.9820734845708967
Large Alfresco Eggs,Organic Hass Avocado,0.00182,0.145367412140575,2.1758331408557865
Large Alfresco Eggs,Organic Strawberries,0.00157,0.1253993610223642,1.512293307071445
Large Alfresco Eggs,Organic Avocado,0.00142,0.1134185303514377,2.080692173022156
Large Brown Eggs,Banana,0.001,0.2666666666666666,1.843020710945239
Large Grapefruit,Banana,0.00166,0.2338028169014084,1.615887876849875
Large Grapefruit,Organic Avocado,0.00106,0.1492957746478873,2.7388694670315044
Large Lemon,Banana,0.01229,0.2602159644293881,1.7984377941073195
Large Lemon,Limes,0.00854,0.180817277154351,4.271610610780796
Large Lemon,Organic Avocado,0.00779,0.1649375396993436,3.025821678579043
Large Lemon,Organic Baby Spinach,0.00742,0.1571035358882066,2.1073579596003573
Large Lemon,Organic Hass Avocado,0.00507,0.10734702519585,1.606750863581052
Large Yellow Flesh Nectarine,Banana,0.00174,0.3314285714285714,2.29061145503194
Large Yellow Flesh Nectarine,Organic Strawberries,0.0014,0.2666666666666666,3.215951117543013
Lemon Hummus,Banana,0.00122,0.2368932038834951,1.637246553897955
Lightly Salted Baked Snap Pea Crisps,Banana,0.00182,0.2324393358876117,1.6064644127970955
Lightly Salted Baked Snap Pea Crisps,Organic Strawberries,0.00116,0.1481481481481481,1.7866395097461183
Lime Sparkling Water,Sparkling Water Grapefruit,0.00426,0.284,11.872909698996656
Lime Sparkling Water,Sparkling Lemon Water,0.0028,0.1866666666666666,18.052869116698904
Limes,Banana,0.00972,0.2296243798724309,1.587009329410677
Limes,Large Lemon,0.00854,0.2017481691471769,4.271610610780796
Limes,Organic Avocado,0.00647,0.1528466808410111,2.804011756393526
Limes,Organic Baby Spinach,0.00631,0.1490668556579258,1.999555407886329
Limes,Organic Hass Avocado,0.00622,0.1469407039924403,2.1993818888256302
Limes,Organic Strawberries,0.00598,0.1412709662178124,1.703701956317082
Limes,Organic Cilantro,0.00542,0.1280415780770139,5.838649251117826
Limes,Organic Garlic,0.00483,0.1141034727143869,3.43685158778274
Macaroni & Cheese,Banana,0.00124,0.2304832713754646,1.5929454100177252
Mango Chunks,Banana,0.00191,0.3523985239852398,2.435541668292486
Mango Chunks,Organic Baby Spinach,0.00136,0.2509225092250922,3.365828426895938
Marinara Sauce,Organic Strawberries,0.00106,0.1693290734824281,2.042077586618767
Medium Navel Orange,Banana,0.001,0.334448160535117,2.311480824764096
Michigan Organic Kale,Organic Baby Spinach,0.00424,0.2032598274209012,2.726489972111351
Michigan Organic Kale,Bag of Organic Bananas,0.00381,0.1826462128475551,1.5157362062037771
Michigan Organic Kale,Organic Strawberries,0.00333,0.1596356663470757,1.925176873457257
Michigan Organic Kale,Organic Hass Avocado,0.00313,0.1500479386385426,2.245890415185491
Michigan Organic Kale,Organic Avocado,0.00281,0.1347075743048897,2.471245171617864
Michigan Organic Kale,Large Lemon,0.00274,0.1313518696069031,2.781110938109319
Michigan Organic Kale,Limes,0.00234,0.112176414189837,2.650045220643445
Michigan Organic Kale,Organic Garlic,0.00218,0.1045062320230105,3.1477780729822458
Mild Cheddar Cheese Sticks,Banana,0.00101,0.3042168674698795,2.102542452622016
Mini Original Babybel Cheese,Banana,0.0012,0.2439024390243902,1.6856896746450356
Mini Original Babybel Cheese,Bag of Organic Bananas,0.001,0.2032520325203252,1.6867388590898358
No Salt Added Black Beans,Banana,0.00271,0.3132947976878613,2.165283002887976
No Salt Added Black Beans,Organic Baby Spinach,0.00189,0.2184971098265896,2.930880078156802
No Salt Added Black Beans,Organic Avocado,0.00167,0.1930635838150289,3.5418012073936693
No Salt Added Black Beans,Limes,0.0016,0.1849710982658959,4.36974009605235
No Salt Added Black Beans,Large Lemon,0.00107,0.1236994219653179,2.6190857921939004
Non Fat Raspberry Yogurt,Banana,0.00139,0.2536496350364963,1.7530557401098648
Orange Bell Pepper,Banana,0.00312,0.2534524776604386,1.7516931208821525
Orange Bell Pepper,Yellow Bell Pepper,0.00222,0.1803411860276198,22.885937313149725
Orange Bell Pepper,Organic Baby Spinach,0.0016,0.1299756295694557,1.7434692095165087
Orange Bell Pepper,Large Lemon,0.00159,0.1291632818846466,2.7347720068737376
Orange Bell Pepper,Red Peppers,0.00151,0.1226645004061738,6.914571612523893
Orange Bell Pepper,Organic Avocado,0.00151,0.1226645004061738,2.2503118768331287
Orange Bell Pepper,Limes,0.00141,0.1145410235580828,2.7059065333825387
Orange Bell Pepper,Cucumber Kirby,0.00138,0.1121039805036555,3.663528774629267
Orange Bell Pepper,Organic Hass Avocado,0.00132,0.1072298943948009,1.6049976709295164
Orange Juice,Banana,0.00141,0.2635514018691589,1.8214900951631685
Orange Sparkling Water,Banana,0.0011,0.264423076923077,1.8275145270791135
Organic American Cheese Singles,Bag of Organic Bananas,0.00125,0.2256317689530686,1.872462812888536
Organic American Cheese Singles,Organic Strawberries,0.00105,0.1895306859205776,2.285705329481158
Organic AppleApple,Organic Strawberries,0.00129,0.2544378698224852,3.068474069253319
Organic AppleApple,Bag of Organic Bananas,0.00118,0.232741617357002,1.9314657042074852
Organic AppleApple,Banana,0.00113,0.2228796844181459,1.540394529118432
Organic Avocado,Banana,0.01544,0.2832507796734544,1.9576389499858624
Organic Avocado,Organic Baby Spinach,0.00943,0.1729957805907172,2.3205336095334306
Organic Avocado,Large Lemon,0.00779,0.1429095578792882,3.025821678579043
Organic Avocado,Organic Strawberries,0.00758,0.1390570537516052,1.6770025778051765
Organic Avocado,Limes,0.00647,0.1186938176481379,2.804011756393526
Organic Baby Arugula,Banana,0.00496,0.220935412026726,1.5269570255492848
Organic Baby Arugula,Organic Baby Spinach,0.00409,0.1821826280623608,2.44376429325769
Organic Baby Arugula,Organic Hass Avocado,0.00368,0.1639198218262806,2.4535222545469337
Organic Baby Arugula,Organic Avocado,0.00308,0.1371937639198218,2.516854960921332
Organic Baby Arugula,Organic Strawberries,0.00306,0.1363028953229398,1.643787932018088
Organic Baby Arugula,Large Lemon,0.00248,0.110467706013363,2.3389308916655307
Organic Baby Arugula,Limes,0.00241,0.1073496659242761,2.5360185666023187
Organic Baby Broccoli,Bag of Organic Bananas,0.00224,0.2248995983935742,1.8663867086603676
Organic Baby Broccoli,Organic Baby Spinach,0.00181,0.181726907630522,2.437651343132422
Organic Baby Broccoli,Organic Hass Avocado,0.0017,0.1706827309236947,2.554748255106942
Organic Baby Broccoli,Organic Strawberries,0.00147,0.1475903614457831,1.7799127043630385
Organic Baby Broccoli,Organic Yellow Onion,0.00112,0.1124497991967871,3.2220572835755625
Organic Baby Broccoli,Organic Lemon,0.00109,0.109437751004016,3.9422820966864576
Organic Baby Broccoli,Organic Zucchini,0.00107,0.107429718875502,3.367702786065894
Organic Baby Broccoli,Organic Garlic,0.00106,0.1064257028112449,3.2055934581700294
Organic Baby Carrots,Bag of Organic Bananas,0.00495,0.2119914346895075,1.759265018170187
Organic Baby Carrots,Organic Strawberries,0.0043,0.1841541755888651,2.2208656004445864
Organic Baby Carrots,Organic Baby Spinach,0.00412,0.1764453961456103,2.366806118653391
Organic Baby Carrots,Organic Hass Avocado,0.00299,0.128051391862955,1.9166500802717408
Organic Baby Kale,Organic Baby Spinach,0.00137,0.2306397306397306,3.093758962303563
Organic Baby Spinach,Bag of Organic Bananas,0.01546,0.2073775989268947,1.7209759247045204
Organic Baby Spinach,Organic Strawberries,0.01169,0.1568075117370892,1.8910698472876173
Organic Baby Spinach,Organic Hass Avocado,0.01093,0.1466130114017438,2.194477045378593
Organic Baby Spinach,Organic Avocado,0.00943,0.1264922870556673,2.3205336095334306
Organic Baby Spinach Salad,Bag of Organic Bananas,0.00112,0.1951219512195121,1.619269304726242
Organic Baby Spinach Salad,Organic Strawberries,0.00109,0.1898954703832752,2.2901045632329384
Organic Bartlett Pear,Bag of Organic Bananas,0.00353,0.2867587327376117,2.3797405206440807
Organic Bartlett Pear,Organic Strawberries,0.00318,0.2583265637692932,3.1153710054183943
Organic Bartlett Pear,Organic Hass Avocado,0.0024,0.1949634443541835,2.9181775835082115
Organic Bartlett Pear,Organic Baby Spinach,0.00198,0.1608448415922014,2.15754314677668
Organic Bartlett Pear,Organic Raspberries,0.00139,0.1129163281884646,2.619260686348055
Organic Bartlett Pear,Organic Whole Milk,0.00135,0.1096669374492282,2.56051686783162
Organic Bartlett Pear,Organic Large Extra Fancy Fuji Apple,0.00127,0.1031681559707554,4.427817852822123
Organic Basil,Organic Hass Avocado,0.00138,0.1738035264483627,2.601459758245214
Organic Basil,Organic Baby Spinach,0.00138,0.1738035264483627,2.33136856402901
Organic Basil,Organic Strawberries,0.00115,0.1448362720403022,1.7466988909829029
Organic Basil,Organic Garlic,0.00114,0.1435768261964735,4.324603198688962
Organic Basil,Limes,0.00107,0.1347607052896725,3.183574422151489
Organic Basil,Organic Yellow Onion,0.00106,0.1335012594458438,3.8252509869869296
Organic Beef Hot Dogs,Organic Strawberries,0.00138,0.2395833333333333,2.889331082167551
Organic Beef Hot Dogs,Bag of Organic Bananas,0.00111,0.1927083333333333,1.5992392807745506
Organic Bell Pepper,Organic Red Bell Pepper,0.00186,0.25,13.789299503585218
Organic Bell Pepper,Bag of Organic Bananas,0.00164,0.2204301075268817,1.829295498148396
Organic Bell Pepper,Organic Strawberries,0.00159,0.2137096774193548,2.577299534724492
Organic Bell Pepper,Organic Hass Avocado,0.00127,0.1706989247311827,2.5549906410894
Organic Bell Pepper,Organic Baby Spinach,0.00106,0.1424731182795698,1.9111082264194483
Organic Bell Pepper,Green Bell Pepper,0.001,0.1344086021505376,7.995752656189032
Organic Black Beans,Bag of Organic Bananas,0.00282,0.2395921835174171,1.9883168756632128
Organic Black Beans,Organic Hass Avocado,0.0022,0.1869158878504673,2.797723212849384
Organic Black Beans,Organic Strawberries,0.00195,0.1656754460492778,1.998015509518546
Organic Black Beans,Organic Baby Spinach,0.00189,0.1605777400169923,2.1539602953318893
Organic Black Beans,Organic Avocado,0.00142,0.1206457094307561,2.2132766360439584
Organic Black Beans,Limes,0.00139,0.1180968564146134,2.789909199494766
Organic Black Beans,Organic Yellow Onion,0.00124,0.1053525913338997,3.018698892088818
Organic Black Beans,Organic Cilantro,0.00122,0.1036533559898045,4.726555220693324
Organic Blackberries,Banana,0.00452,0.2427497314715359,1.6777229350441352
Organic Blackberries,Organic Strawberries,0.0035,0.18796992481203,2.2668828366139664
Organic Blackberries,Organic Raspberries,0.00306,0.1643394199785177,3.812095105045644
Organic Blackberries,Organic Baby Spinach,0.00239,0.1283566058002148,1.7217519222027473
Organic Blackberries,Strawberries,0.00218,0.117078410311493,2.629793582917633
Organic Blackberries,Organic Hass Avocado,0.00195,0.1047261009667024,1.5675213436117716
Organic Blackberries,Organic Blueberries,0.00192,0.1031149301825993,3.339214060317336
Organic Blueberries,Organic Strawberries,0.00737,0.2386658031088082,2.878265835851523
Organic Blueberries,Bag of Organic Bananas,0.00661,0.2140544041450777,1.7763850966396493
Organic Blueberries,Organic Baby Spinach,0.0042,0.1360103626943005,1.8244180106546009
Organic Blueberries,Organic Raspberries,0.00389,0.1259715025906735,2.9220947017089665
Organic Blueberries,Organic Hass Avocado,0.00377,0.1220854922279792,1.827353573237229
Organic Blueberries,Strawberries,0.0031,0.1003886010362694,2.2549101760168337
Organic Bosc Pear,Bag of Organic Bananas,0.00235,0.3272980501392757,2.716166391197309
Organic Bosc Pear,Organic Hass Avocado,0.00144,0.2005571030640668,3.001902455681289
Organic Bosc Pear,Organic Strawberries,0.0013,0.181058495821727,2.183532269919525
Organic Bosc Pear,Organic Baby Spinach,0.00121,0.1685236768802228,2.260545632196148
Organic Bosc Pear,Organic Raspberries,0.00101,0.1406685236768802,3.2630137712103973
Organic Bread with 21 Whole Grains,Bag of Organic Bananas,0.00154,0.2365591397849462,1.9631463882568152
Organic Bread with 21 Whole Grains,Organic Hass Avocado,0.00111,0.1705069124423963,2.552116635868827
Organic Bread with 21 Whole Grains,Organic Strawberries,0.001,0.1536098310291858,1.8525064041146395
Organic Broccoli,Bag of Organic Bananas,0.00304,0.2447665056360708,2.031257308183161
Organic Broccoli,Organic Strawberries,0.00265,0.2133655394524959,2.573149293927834
Organic Broccoli,Organic Baby Spinach,0.00235,0.1892109500805153,2.538040913219521
Organic Broccoli,Organic Hass Avocado,0.00219,0.1763285024154589,2.6392531419766345
Organic Broccoli,Organic Avocado,0.00169,0.1360708534621578,2.496254879144337
Organic Broccoli,Fresh Cauliflower,0.00131,0.1054750402576489,4.820614271373352
Organic Broccoli,Organic Yellow Onion,0.00129,0.1038647342995169,2.976066885372977
Organic Broccoli Crowns,Bag of Organic Bananas,0.00169,0.2779605263157895,2.306726359467133
Organic Broccoli Crowns,Organic Strawberries,0.0011,0.1809210526315789,2.181874730240943
Organic Broccoli Florets,Bag of Organic Bananas,0.00232,0.2224352828379674,1.8459359571615552
Organic Broccoli Florets,Organic Strawberries,0.00177,0.1697027804410354,2.046584424035643
Organic Broccoli Florets,Organic Baby Spinach,0.00171,0.1639501438159156,2.1991971001464203
Organic Broccoli Florets,Organic Hass Avocado,0.00126,0.1208053691275167,1.808192922130172
Organic Brown Rice,Banana,0.00104,0.2198731501057082,1.5196153853459688
Organic Bunch Beets,Bag of Organic Bananas,0.00104,0.2251082251082251,1.8681180506906647
Organic Bunny Fruit Snacks Berry Patch,Banana,0.0011,0.2534562211981567,1.751718993697952
Organic Butternut Squash,Organic Baby Spinach,0.0013,0.214168039538715,2.872810724865392
Organic Butternut Squash,Organic Hass Avocado,0.00111,0.1828665568369028,2.737113558402976
Organic Butternut Squash,Organic Zucchini,0.00106,0.1746293245469522,5.474273496769662
Organic Carrot Bunch,Bag of Organic Bananas,0.00259,0.2393715341959334,1.9864857609621036
Organic Carrot Bunch,Organic Hass Avocado,0.00194,0.1792975970425138,2.683694013508665
Organic Carrot Bunch,Organic Baby Spinach,0.00164,0.1515711645101663,2.033147746615243
Organic Carrot Bunch,Organic Strawberries,0.00157,0.1451016635859519,1.749899464374722
Organic Carrot Bunch,Organic Small Bunch Celery,0.00139,0.1284658040665434,5.95300296879256
Organic Carrot Bunch,Organic Yellow Onion,0.00139,0.1284658040665434,3.680968597895227
Organic Carrot Bunch,Organic Raspberries,0.00131,0.1210720887245841,2.8084455746829997
Organic Carrot Bunch,Organic Garlic,0.00123,0.1136783733826247,3.4240473910429143
Organic Carrot Bunch,Organic Zucchini,0.00114,0.1053604436229205,3.302835223289045
Organic Carrot Bunch,Organic Lemon,0.0011,0.1016635859519408,3.662232923340809
Organic Celery Hearts,Bag of Organic Bananas,0.00146,0.1888745148771022,1.5674233599759515
Organic Celery Hearts,Organic Baby Spinach,0.00138,0.1785252263906856,2.39470457935192
Organic Celery Hearts,Organic Yellow Onion,0.00129,0.166882276843467,4.781727130185301
Organic Celery Hearts,Organic Hass Avocado,0.001,0.129366106080207,1.93632848496044
Organic Cheese Frozen Pizza,Bag of Organic Bananas,0.00108,0.2347826086956521,1.9484033916651635
Organic Cilantro,Limes,0.00542,0.2471500227998176,5.838649251117826
Organic Cilantro,Bag of Organic Bananas,0.00463,0.211126310989512,1.7520855683776932
Organic Cilantro,Organic Hass Avocado,0.00392,0.17875056999544,2.6755062115767103
Organic Cilantro,Organic Baby Spinach,0.00384,0.1751025991792065,2.348794086910886
Organic Cilantro,Organic Avocado,0.00298,0.1358869129046967,2.492880442206875
Organic Cilantro,Organic Strawberries,0.00296,0.1349749202006384,1.627772795473208
Organic Cilantro,Organic Garlic,0.00292,0.1331509347925216,4.010570325075952
Organic Cilantro,Organic Yellow Onion,0.00286,0.1304149566803465,3.7368182429898726
Organic Cilantro,Organic Red Onion,0.00282,0.1285909712722298,6.251384116297025
Organic Cilantro,Large Lemon,0.00249,0.1135430916552667,2.4040459804206384
Organic Cilantro,Organic Italian Parsley Bunch,0.00231,0.1053351573187414,5.5880720062992815
Organic Cilantro,Jalapeno Peppers,0.00222,0.1012311901504788,7.543307760840447
Organic Coconut Milk,Organic Baby Spinach,0.00143,0.1794228356336261,2.4067449447837173
Organic Coconut Milk,Organic Avocado,0.00115,0.1442910915934755,2.647057266436902
Organic Coconut Milk,Limes,0.00114,0.1430363864491844,3.379078347488412
Organic Coconut Milk,Organic Garlic,0.001,0.1254705144291091,3.779232362322565
Organic Coconut Milk,Organic Strawberries,0.001,0.1254705144291091,1.5131514041137142
Organic Creamy Peanut Butter,Bag of Organic Bananas,0.00113,0.2202729044834308,1.8279909085761887
Organic Creamy Peanut Butter,Banana,0.00112,0.2183235867446393,1.5089058452183244
Organic Cripps Pink Apples,Bag of Organic Bananas,0.0011,0.2820512820512821,2.340674539844665
Organic Cucumber,Bag of Organic Bananas,0.00673,0.2682343563172578,2.2260112557448783
Organic Cucumber,Organic Strawberries,0.00535,0.2132323634914308,2.571543216249769
Organic Cucumber,Organic Hass Avocado,0.00533,0.2124352331606217,3.1796921592669025
Organic Cucumber,Organic Baby Spinach,0.0049,0.1952969310482263,2.6196771435040422
Organic Cucumber,Organic Raspberries,0.00276,0.110003985651654,2.551704608017954
Organic Cucumber,Organic Grape Tomatoes,0.00266,0.1060183339976086,4.057341523061944
Organic Cucumber,Organic Zucchini,0.00266,0.1060183339976086,3.3234587460065392
Organic Cucumber,Organic Small Bunch Celery,0.00257,0.1024312475089677,4.746582368348828
Organic D'Anjou Pears,Bag of Organic Bananas,0.00456,0.3097826086956521,2.5708100306693127
Organic D'Anjou Pears,Banana,0.00327,0.2221467391304347,1.5353289040737763
Organic D'Anjou Pears,Organic Strawberries,0.00296,0.2010869565217391,2.425071834560289
Organic D'Anjou Pears,Organic Hass Avocado,0.00282,0.1915760869565217,2.8674762304523536
Organic D'Anjou Pears,Organic Baby Spinach,0.00232,0.1576086956521739,2.114134079841367
Organic D'Anjou Pears,Organic Raspberries,0.00215,0.1460597826086956,3.3880719695823625
Organic D'Anjou Pears,Apple Honeycrisp Organic,0.00184,0.125,4.796623177283193
Organic D'Anjou Pears,Organic Whole Milk,0.00155,0.1052989130434782,2.4585317077627424
Organic D'Anjou Pears,Organic Avocado,0.00148,0.1005434782608695,1.8444960238647876
Organic Diced Tomatoes,Bag of Organic Bananas,0.00131,0.1884892086330935,1.5642257977850087
Organic Diced Tomatoes,Organic Baby Spinach,0.00129,0.1856115107913669,2.4897586960612594
Organic Diced Tomatoes,Organic Yellow Onion,0.00121,0.1741007194244604,4.988559295829812
Organic Egg Whites,Organic Baby Spinach,0.00146,0.2397372742200328,3.215791740040681
Organic Egg Whites,Bag of Organic Bananas,0.00125,0.2052545155993431,1.7033569759281593
Organic Extra Firm Tofu,Banana,0.00229,0.2516483516483516,1.7392242148617847
Organic Extra Firm Tofu,Organic Baby Spinach,0.00205,0.2252747252747252,3.0217937662605667
Organic Extra Firm Tofu,Organic Strawberries,0.00114,0.1252747252747252,1.5107902228018004
Organic Extra Firm Tofu,Organic Avocado,0.0011,0.1208791208791208,2.2175586292262133
Organic Extra Firm Tofu,Organic Hass Avocado,0.00102,0.112087912087912,1.6777116013757236
Organic Extra Large Grade AA Brown Eggs,Bag of Organic Bananas,0.00104,0.254278728606357,2.110196917895079
Organic Fat Free Milk,Banana,0.00238,0.2638580931263858,1.823609738934175
Organic Fat Free Milk,Organic Strawberries,0.00147,0.1629711751662971,1.965402498387568
Organic Fat Free Milk,Organic Baby Spinach,0.00115,0.1274944567627494,1.7101872134506968
Organic Frozen Peas,Bag of Organic Bananas,0.00168,0.270096463022508,2.241464423423304
Organic Frozen Peas,Organic Hass Avocado,0.00111,0.1784565916398714,2.671105996705155
Organic Frozen Peas,Organic Strawberries,0.00109,0.1752411575562701,2.113376236809818
Organic Fuji Apple,Banana,0.01027,0.3690262306863097,2.5504611976384663
Organic Fuji Apple,Organic Avocado,0.00323,0.1160618038088393,2.129183705904226
Organic Gala Apples,Bag of Organic Bananas,0.00601,0.2655766681396376,2.2039557521961632
Organic Gala Apples,Banana,0.00511,0.2258064516129032,1.5606223762036298
Organic Gala Apples,Organic Strawberries,0.00398,0.1758727353071144,2.12099294871098
Organic Gala Apples,Organic Hass Avocado,0.0037,0.1634997790543526,2.4472351302851765
Organic Gala Apples,Organic Baby Spinach,0.00314,0.1387538665488289,1.8612188671875116
Organic Gala Apples,Organic Raspberries,0.00248,0.1095890410958904,2.542079357362338
Organic Gala Apples,Organic Avocado,0.00236,0.1042863455589925,1.91315988917616
Organic Garbanzo Beans,Organic Baby Spinach,0.00172,0.1900552486187845,2.549366178655728
Organic Garbanzo Beans,Bag of Organic Bananas,0.00165,0.1823204419889502,1.513032713601247
Organic Garbanzo Beans,Organic Hass Avocado,0.00124,0.1370165745856353,2.050839314258874
Organic Garbanzo Beans,Organic Strawberries,0.00116,0.1281767955801105,1.5457886587085203
Organic Garbanzo Beans,Large Lemon,0.00107,0.118232044198895,2.50332509419638
Organic Garbanzo Beans,Organic Avocado,0.00103,0.1138121546961326,2.087913313082601
Organic Garbanzo Beans,Organic Garlic,0.00101,0.1116022099447513,3.361512347733475
Organic Garlic,Bag of Organic Bananas,0.00685,0.2063253012048193,1.7122431635254711
Organic Garlic,Organic Yellow Onion,0.00671,0.2021084337349397,5.791072599855007
Organic Garlic,Organic Baby Spinach,0.00657,0.1978915662650602,2.6544811034884
Organic Garlic,Organic Hass Avocado,0.00554,0.166867469879518,2.4976421176398453
Organic Garlic,Limes,0.00483,0.1454819277108433,3.43685158778274
Organic Garlic,Large Lemon,0.0047,0.1415662650602409,2.997380162190154
Organic Garlic,Organic Strawberries,0.00449,0.1352409638554217,1.6309812331816411
Organic Garlic,Organic Avocado,0.00388,0.116867469879518,2.143963857631958
Organic Garlic,Organic Lemon,0.00341,0.1027108433734939,3.699958334780042
Organic Garlic,Organic Italian Parsley Bunch,0.00334,0.1006024096385542,5.336997858809243
Organic Garnet Sweet Potato (Yam),Bag of Organic Bananas,0.00381,0.2408343868520859,1.9986256170297592
Organic Garnet Sweet Potato (Yam),Organic Baby Spinach,0.00344,0.2174462705436156,2.9167843131269704
Organic Garnet Sweet Potato (Yam),Organic Hass Avocado,0.00333,0.2104930467762326,3.150621864634525
Organic Garnet Sweet Potato (Yam),Organic Strawberries,0.00251,0.1586599241466498,1.913409601382656
Organic Garnet Sweet Potato (Yam),Organic Avocado,0.00217,0.1371681415929203,2.5163849127301474
Organic Garnet Sweet Potato (Yam),Large Lemon,0.002,0.1264222503160556,2.6767361913202543
Organic Garnet Sweet Potato (Yam),Organic Yellow Onion,0.00194,0.1226295828065739,3.513741627695529
Organic Garnet Sweet Potato (Yam),Organic Zucchini,0.00191,0.1207332490518331,3.784741349587245
Organic Garnet Sweet Potato (Yam),Organic Garlic,0.0018,0.11378002528445,3.4271091953147605
Organic Ginger Root,Bag of Organic Bananas,0.00341,0.2151419558359621,1.7854104218752045
Organic Ginger Root,Organic Garlic,0.0033,0.2082018927444795,6.271141347725286
Organic Ginger Root,Organic Baby Spinach,0.00297,0.1873817034700315,2.5135037353458287
Organic Ginger Root,Organic Hass Avocado,0.0028,0.1766561514195583,2.644157333027367
Organic Ginger Root,Limes,0.00247,0.1558359621451104,3.681454338415082
Organic Ginger Root,Large Lemon,0.00223,0.1406940063091482,2.978911842243241
Organic Ginger Root,Organic Strawberries,0.00204,0.1287066246056782,1.5521782996343254
Organic Ginger Root,Organic Yellow Onion,0.00198,0.1249211356466877,3.5794021675268684
Organic Ginger Root,Organic Cilantro,0.00195,0.1230283911671924,5.610049756825919
Organic Ginger Root,Organic Lemon,0.00187,0.117981072555205,4.250038636714879
Organic Ginger Root,Organic Small Bunch Celery,0.00172,0.1085173501577287,5.028607514259903
Organic Grade A Free Range Large Brown Eggs,Bag of Organic Bananas,0.00278,0.2251012145748988,1.8680598719908612
Organic Grade A Free Range Large Brown Eggs,Organic Strawberries,0.00225,0.1821862348178137,2.197132595487383
Organic Grade A Free Range Large Brown Eggs,Organic Hass Avocado,0.00215,0.1740890688259109,2.60573370492308
Organic Grade A Free Range Large Brown Eggs,Organic Baby Spinach,0.00179,0.1449392712550607,1.94418874922952
Organic Granny Smith Apple,Bag of Organic Bananas,0.00392,0.21455938697318,1.780575825503569
Organic Granny Smith Apple,Organic Strawberries,0.0029,0.1587301587301587,1.9142566175851268
Organic Granny Smith Apple,Organic Hass Avocado,0.00289,0.1581828133552271,2.367651749067912
Organic Granny Smith Apple,Organic Baby Spinach,0.00289,0.1581828133552271,2.121835189204925
Organic Granny Smith Apple,Organic Raspberries,0.00214,0.1171319102353585,2.7170473262667247
Organic Granny Smith Apple,Large Lemon,0.00187,0.1023535851122057,2.167130745547444
Organic Grape Tomatoes,Organic Strawberries,0.00528,0.2020665901262916,2.4368860362553257
Organic Grape Tomatoes,Bag of Organic Bananas,0.00508,0.1944125526215078,1.6133821794316006
Organic Grape Tomatoes,Organic Baby Spinach,0.00491,0.1879066207424416,2.520544879174268
Organic Grape Tomatoes,Organic Hass Avocado,0.00428,0.1637964026023727,2.451674937919065
Organic Grape Tomatoes,Organic Avocado,0.00395,0.1511672407194795,2.7732019944868744
Organic Grape Tomatoes,Organic Raspberries,0.00281,0.107539226942212,2.4945308963630715
Organic Grape Tomatoes,Organic Cucumber,0.00266,0.1017986988136241,4.057341523061944
Organic Green Cabbage,Bag of Organic Bananas,0.0013,0.2073365231259968,1.72063504668877
Organic Green Seedless Grapes,Organic Strawberries,0.00171,0.25948406676783,3.129330279399784
Organic Green Seedless Grapes,Bag of Organic Bananas,0.00145,0.220030349013657,1.8259780001133368
Organic Hass Avocado,Bag of Organic Bananas,0.02013,0.3013022002694207,2.500433197256604
Organic Hass Avocado,Organic Strawberries,0.01278,0.1912887292321509,2.306907009553195
Organic Hass Avocado,Organic Baby Spinach,0.01093,0.1635982637329741,2.194477045378593
Organic Hass Avocado,Organic Raspberries,0.00823,0.1231851519233647,2.857461190521103
Organic Hass Avocado,Organic Lemon,0.00682,0.1020805268672354,3.677252408762084
Organic Heavy Whipping Cream,Organic Strawberries,0.00122,0.1590612777053455,1.9182498517287208
Organic Honey Sweet Whole Wheat Bread,Bag of Organic Bananas,0.00121,0.3437499999999999,2.8526970954356843
Organic Hothouse Cucumbers,Bag of Organic Bananas,0.00183,0.2517193947730399,2.0889576329712853
Organic Hothouse Cucumbers,Organic Hass Avocado,0.00159,0.218707015130674,3.27356705778587
Organic Hothouse Cucumbers,Organic Strawberries,0.00155,0.2132049518569463,2.571212636962691
Organic Hothouse Cucumbers,Organic Baby Spinach,0.0011,0.1513067400275103,2.029600805197992
Organic Italian Parsley Bunch,Bag of Organic Bananas,0.00361,0.1915119363395225,1.5893106750167847
Organic Italian Parsley Bunch,Organic Garlic,0.00334,0.1771883289124668,5.336997858809243
Organic Italian Parsley Bunch,Organic Baby Spinach,0.00324,0.1718832891246684,2.30561085344961
Organic Italian Parsley Bunch,Organic Hass Avocado,0.00287,0.1522546419098143,2.278919950753096
Organic Italian Parsley Bunch,Organic Yellow Onion,0.00285,0.1511936339522546,4.3321958152508495
Organic Italian Parsley Bunch,Organic Strawberries,0.00267,0.1416445623342175,1.708207456997317
Organic Italian Parsley Bunch,Large Lemon,0.00253,0.1342175066312997,2.8417850228943413
Organic Italian Parsley Bunch,Organic Small Bunch Celery,0.00246,0.1305039787798408,6.0474503605116245
Organic Italian Parsley Bunch,Organic Cilantro,0.00231,0.1225464190981432,5.5880720062992815
Organic Italian Parsley Bunch,Organic Lemon,0.00228,0.1209549071618037,4.357165243580826
Organic Italian Parsley Bunch,Limes,0.00205,0.1087533156498673,2.569178257733697
Organic Italian Parsley Bunch,Organic Zucchini,0.00191,0.1013262599469496,3.176371785170834
Organic Jalapeno Pepper,Limes,0.00161,0.2728813559322034,6.446523882168756
Organic Jalapeno Pepper,Organic Hass Avocado,0.00119,0.2016949152542373,3.0189330228145086
Organic Jalapeno Pepper,Organic Cilantro,0.00116,0.1966101694915254,8.965352005997511
Organic Jalapeno Pepper,Organic Garlic,0.00113,0.1915254237288135,5.7688380641208905
Organic Kiwi,Bag of Organic Bananas,0.00471,0.3034793814432989,2.518501090815759
Organic Kiwi,Organic Strawberries,0.00384,0.2474226804123711,2.983872170916198
Organic Kiwi,Banana,0.00341,0.2197164948453608,1.518532689511098
Organic Kiwi,Organic Hass Avocado,0.0032,0.2061855670103092,3.0861482863390104
Organic Kiwi,Organic Baby Spinach,0.00264,0.1701030927835051,2.2817316268746497
Organic Kiwi,Organic Raspberries,0.00238,0.1533505154639175,3.5571912656905016
Organic Kiwi,Organic Avocado,0.00178,0.1146907216494845,2.10403085029324
Organic Kiwi,Organic Whole Milk,0.0016,0.1030927835051546,2.4070227295156346
Organic Lacinato (Dinosaur) Kale,Bag of Organic Bananas,0.00311,0.2250361794500723,1.8675201614113888
Organic Lacinato (Dinosaur) Kale,Organic Baby Spinach,0.00266,0.1924746743849493,2.581819911266926
Organic Lacinato (Dinosaur) Kale,Organic Hass Avocado,0.00249,0.1801736613603473,2.6968067858157063
Organic Lacinato (Dinosaur) Kale,Organic Strawberries,0.00177,0.1280752532561505,1.5445640768952065
Organic Lacinato (Dinosaur) Kale,Large Lemon,0.00161,0.1164978292329956,2.466606589731011
Organic Lacinato (Dinosaur) Kale,Organic Avocado,0.00161,0.1164978292329956,2.1371827046963063
Organic Lacinato (Dinosaur) Kale,Organic Garlic,0.00159,0.1150506512301013,3.465381061147629
Organic Lacinato (Dinosaur) Kale,Organic Lemon,0.00157,0.1136034732272069,4.092344136426763
Organic Lacinato (Dinosaur) Kale,Organic Small Bunch Celery,0.00144,0.1041968162083936,4.8283974146614295
Organic Lacinato (Dinosaur) Kale,Organic Zucchini,0.00142,0.1027496382054992,3.2209917932758394
Organic Lacinato (Dinosaur) Kale,Limes,0.00142,0.1027496382054992,2.4273479377627987
Organic Large Brown Grade AA Cage Free Eggs,Bag of Organic Bananas,0.00246,0.2455089820359281,2.0374189380574954
Organic Large Brown Grade AA Cage Free Eggs,Organic Hass Avocado,0.00187,0.186626746506986,2.793395397500165
Organic Large Brown Grade AA Cage Free Eggs,Organic Strawberries,0.00184,0.1836327345309381,2.2145771168709376
Organic Large Brown Grade AA Cage Free Eggs,Organic Raspberries,0.00144,0.1437125748502994,3.333625025523067
Organic Large Brown Grade AA Cage Free Eggs,Organic Baby Spinach,0.00115,0.1147704590818363,1.5395098468388508
Organic Large Extra Fancy Fuji Apple,Bag of Organic Bananas,0.00725,0.3111587982832618,2.582230691147401
Organic Large Extra Fancy Fuji Apple,Organic Strawberries,0.00445,0.1909871244635193,2.303269711330431
Organic Large Extra Fancy Fuji Apple,Organic Hass Avocado,0.00419,0.1798283261802575,2.691637871280609
Organic Large Extra Fancy Fuji Apple,Organic Baby Spinach,0.00334,0.1433476394849785,1.9228388931586653
Organic Large Extra Fancy Fuji Apple,Organic Raspberries,0.00238,0.1021459227467811,2.369425255086549
Organic Large Grade A Brown Eggs,Banana,0.00114,0.2766990291262136,1.9123576551676933
Organic Large Grade AA Brown Eggs,Bag of Organic Bananas,0.00194,0.2535947712418301,2.1045209231687148
Organic Large Grade AA Brown Eggs,Organic Hass Avocado,0.00139,0.1816993464052287,2.7196429637064625
Organic Large Grade AA Brown Eggs,Organic Strawberries,0.00118,0.1542483660130719,1.860207018970959
Organic Large Green Asparagus,Organic Strawberries,0.00157,0.2561174551386623,3.0887295602829514
Organic Large Green Asparagus,Organic Hass Avocado,0.00152,0.2479608482871125,3.711433143049133
Organic Large Green Asparagus,Bag of Organic Bananas,0.00137,0.2234910277324632,1.854697325580608
Organic Large Green Asparagus,Organic Baby Spinach,0.00129,0.2104404567699836,2.8228096146208403
Organic Leek,Bag of Organic Bananas,0.00124,0.2042833607907743,1.6952975999234383
Organic Leek,Organic Garlic,0.00113,0.186161449752883,5.607272582918163
Organic Leek,Organic Baby Spinach,0.00111,0.1828665568369028,2.4529383881542963
Organic Leek,Organic Zucchini,0.00102,0.1680395387149917,5.2676971384009965
Organic Lemon,Bag of Organic Bananas,0.00716,0.2579250720461095,2.1404570294282945
Organic Lemon,Organic Hass Avocado,0.00682,0.2456772334293948,3.677252408762084
Organic Lemon,Organic Strawberries,0.00484,0.1743515850144092,2.102648155021819
Organic Lemon,Organic Baby Spinach,0.0045,0.1621037463976945,2.1744298644895306
Organic Lemon,Limes,0.00347,0.125,2.952988424285377
Organic Lemon,Organic Garlic,0.00341,0.1228386167146974,3.699958334780042
Organic Lemon,Organic Raspberries,0.00333,0.1199567723342939,2.7825741668822537
Organic Lemon,Organic Yellow Onion,0.00322,0.1159942363112392,3.3236170862819256
Organic Low Sodium Chicken Broth,Banana,0.00122,0.2206148282097649,1.524741365745835
Organic Lowfat 1% Milk,Banana,0.00114,0.25,1.7278319165111615
Organic Mexican Blend Finely Shredded Cheese,Bag of Organic Bananas,0.00151,0.2677304964539007,2.221829846090462
Organic Milk,Bag of Organic Bananas,0.00203,0.2434052757793765,2.019960794849598
Organic Milk,Organic Strawberries,0.00145,0.1738609112709832,2.096730719621119
Organic Milk,Organic Hass Avocado,0.00119,0.1426858513189448,2.1356960233340048
Organic Milk,Organic Raspberries,0.00106,0.1270983213429256,2.9482329237514646
Organic Mint,Limes,0.00122,0.2023217247097844,4.779629688395568
Organic Mint,Organic Italian Parsley Bunch,0.00104,0.1724709784411277,9.14965402870704
Organic Multigrain Waffles,Banana,0.00101,0.3146417445482866,2.1745921939891253
Organic Navel Orange,Bag of Organic Bananas,0.00434,0.3297872340425532,2.736823519025338
Organic Navel Orange,Organic Hass Avocado,0.00252,0.1914893617021276,2.8661781425254853
Organic Navel Orange,Organic Strawberries,0.00217,0.1648936170212766,1.988586794757316
Organic Navel Orange,Organic Baby Spinach,0.00163,0.1238601823708206,1.6614377246253609
Organic Navel Orange,Organic Raspberries,0.00154,0.1170212765957446,2.714481015906858
Organic Navel Orange,Organic Large Extra Fancy Fuji Apple,0.00151,0.114741641337386,4.924533962977941
Organic Navel Orange,Apple Honeycrisp Organic,0.00137,0.1041033434650455,3.994756080776884
Organic Nectarine,Organic Strawberries,0.00133,0.3341708542713568,4.030039245916025
Organic Old Fashioned Rolled Oats,Bag of Organic Bananas,0.00157,0.2350299401197604,1.9504559346038213
Organic Old Fashioned Rolled Oats,Organic Baby Spinach,0.00114,0.1706586826347305,2.289184207038639
Organic Old Fashioned Rolled Oats,Organic Hass Avocado,0.001,0.1497005988023952,2.240691495320988
Organic Orange Bell Pepper,Bag of Organic Bananas,0.001,0.2808988764044944,2.331111007506178
Organic Original Hommus,Bag of Organic Bananas,0.00108,0.289544235924933,2.402856729667494
Organic Peeled Whole Baby Carrots,Banana,0.00458,0.2580281690140845,1.7833172231258865
Organic Peeled Whole Baby Carrots,Bag of Organic Bananas,0.00369,0.207887323943662,1.72520600783122
Organic Peeled Whole Baby Carrots,Organic Strawberries,0.00315,0.1774647887323943,2.1401928211817944
Organic Peeled Whole Baby Carrots,Organic Baby Spinach,0.00266,0.1498591549295775,2.010183164715996
Organic Peeled Whole Baby Carrots,Organic Avocado,0.00245,0.1380281690140845,2.532162337444221
Organic Peeled Whole Baby Carrots,Organic Hass Avocado,0.00203,0.1143661971830986,1.7118125607408865
Organic Plain Greek Whole Milk Yogurt,Bag of Organic Bananas,0.00111,0.2860824742268041,2.3741284168199512
Organic Plain Whole Milk Yogurt,Bag of Organic Bananas,0.00143,0.3364705882352941,2.792287039297047
Organic Raspberries,Bag of Organic Bananas,0.01301,0.3017861285084667,2.5044491992403874
Organic Raspberries,Organic Strawberries,0.01051,0.2437949431686383,2.9401223247544426
Organic Raspberries,Organic Hass Avocado,0.00823,0.1909069821387149,2.857461190521104
Organic Raspberries,Organic Baby Spinach,0.00539,0.1250289955926699,1.6771159703912797
Organic Red Bell Pepper,Bag of Organic Bananas,0.00404,0.2228350799779371,1.849253775750516
Organic Red Bell Pepper,Organic Strawberries,0.00387,0.2134583563154991,2.5742686482814663
Organic Red Bell Pepper,Organic Hass Avocado,0.00324,0.1787093215664644,2.674888812549984
Organic Red Bell Pepper,Organic Baby Spinach,0.003,0.1654715940430226,2.2196055538970167
Organic Red Bell Pepper,Organic Yellow Onion,0.0023,0.126861555432984,3.63500158833765
Organic Red Bell Pepper,Green Bell Pepper,0.00219,0.1207942636514065,7.185857445056902
Organic Red Bell Pepper,Organic Raspberries,0.00213,0.117484831770546,2.725233861529716
Organic Red Bell Pepper,Organic Garlic,0.00198,0.1092112520683949,3.2894955442287626
Organic Red Bell Pepper,Organic Avocado,0.00198,0.1092112520683949,2.003508568490092
Organic Red Bell Pepper,Organic Zucchini,0.00194,0.1070049641478212,3.354387590840793
Organic Red Bell Pepper,Organic Bell Pepper,0.00186,0.102592388306674,13.789299503585218
Organic Red Bell Pepper,Limes,0.00185,0.1020408163265306,2.4106027953350018
Organic Red Bell Pepper,Organic Cucumber,0.00183,0.1009376723662437,4.023024008220159
Organic Red Delicious Apple,Bag of Organic Bananas,0.00123,0.2727272727272727,2.263296869105998
Organic Red On the Vine Tomato,Bag of Organic Bananas,0.00109,0.3132183908045977,2.599322745266371
Organic Red Onion,Bag of Organic Bananas,0.00418,0.2032085561497326,1.6863780593338806
Organic Red Onion,Organic Baby Spinach,0.00372,0.1808458920758386,2.425833562385494
Organic Red Onion,Organic Hass Avocado,0.00366,0.1779290228488089,2.663209442430908
Organic Red Onion,Limes,0.00336,0.1633446767136606,3.858839516032616
Organic Red Onion,Organic Garlic,0.0031,0.1507049100631988,4.539304519975867
Organic Red Onion,Organic Strawberries,0.00301,0.1463296062226543,1.7647082274801538
Organic Red Onion,Organic Cilantro,0.00282,0.1370928536703937,6.251384116297024
Organic Red Onion,Organic Avocado,0.00277,0.1346621293145357,2.470411471556333
Organic Red Onion,Large Lemon,0.00251,0.1220223626640738,2.583577443660256
Organic Red Onion,Organic Yellow Onion,0.00244,0.1186193485658726,3.3988352024605333
Organic Red Onion,Organic Zucchini,0.00238,0.1157024793388429,3.6270369698696863
Organic Reduced Fat 2% Milk,Bag of Organic Bananas,0.00309,0.210204081632653,1.7444322127191123
Organic Reduced Fat 2% Milk,Organic Strawberries,0.0024,0.1632653061224489,1.9689496638018449
Organic Reduced Fat 2% Milk,Organic Hass Avocado,0.00203,0.1380952380952381,2.0669845546361043
Organic Reduced Fat 2% Milk,Organic Raspberries,0.00167,0.1136054421768707,2.6352457011568253
Organic Reduced Fat Milk,Banana,0.00363,0.3129310344827586,2.1627689161846613
Organic Reduced Fat Milk,Organic Strawberries,0.00243,0.2094827586206896,2.526323668845751
Organic Reduced Fat Milk,Organic Baby Spinach,0.00151,0.1301724137931034,1.7461088369296238
Organic Reduced Fat Milk,Organic Avocado,0.00148,0.1275862068965517,2.340601850973248
Organic Roasted Turkey Breast,Bag of Organic Bananas,0.00226,0.2565266742338252,2.1288520683305
Organic Roasted Turkey Breast,Organic Strawberries,0.00203,0.2304199772985244,2.778822688115345
Organic Roasted Turkey Breast,Organic Hass Avocado,0.00167,0.1895573212258796,2.8372597100116703
Organic Roasted Turkey Breast,Organic Baby Spinach,0.00139,0.1577752553916004,2.1163682815774707
Organic Roasted Turkey Breast,Organic Raspberries,0.0011,0.1248581157775255,2.896268053294492
Organic Roma Tomato,Bag of Organic Bananas,0.00234,0.2478813559322034,2.057106688234053
Organic Roma Tomato,Organic Baby Spinach,0.0016,0.1694915254237288,2.273528174697905
Organic Roma Tomato,Organic Strawberries,0.00154,0.1631355932203389,1.9673853499799685
Organic Roma Tomato,Organic Hass Avocado,0.00147,0.1557203389830508,2.33079387790826
Organic Roma Tomato,Organic Avocado,0.00138,0.1461864406779661,2.6818279339197595
Organic Roma Tomato,Organic Cilantro,0.00122,0.1292372881355932,5.893173193597501
Organic Roma Tomato,Organic Garlic,0.00114,0.1207627118644067,3.637431080253216
Organic Roma Tomato,Limes,0.00114,0.1207627118644067,2.8528871217672283
Organic Roma Tomato,Organic Yellow Onion,0.00111,0.1175847457627118,3.36919042300034
Organic Roma Tomato,Large Lemon,0.00105,0.111228813559322,2.355045809005336
Organic Roma Tomato,Organic Red Onion,0.00101,0.1069915254237288,5.201338134357258
Organic Romaine,Organic Baby Spinach,0.00147,0.1904145077720207,2.554185214916441
Organic Romaine,Organic Avocado,0.00123,0.1593264248704663,2.9228843307735515
Organic Romaine,Organic Strawberries,0.00115,0.1489637305699482,1.7964752842492546
Organic Romaine,Large Lemon,0.00103,0.133419689119171,2.824892846054859
Organic Romaine Lettuce,Bag of Organic Bananas,0.00202,0.1865189289012004,1.5478749286406672
Organic Romaine Lettuce,Organic Hass Avocado,0.00195,0.1800554016620498,2.695036696034274
Organic Romaine Lettuce,Organic Strawberries,0.00172,0.1588180978762696,1.9153171475671689
Organic Romaine Lettuce,Organic Baby Spinach,0.00164,0.1514312096029547,2.0312704172093192
Organic Romaine Lettuce,Organic Small Bunch Celery,0.00128,0.1181902123730378,5.476840239714453
Organic Romaine Lettuce,Organic Avocado,0.00128,0.1181902123730378,2.16822990961361
Organic Romaine Lettuce,Organic Yellow Onion,0.00117,0.1080332409972299,3.0955083380295108
Organic Romaine Lettuce,Organic Cucumber,0.00114,0.1052631578947368,4.195422793732038
Organic Romaine Lettuce,Limes,0.00113,0.1043397968605724,2.4649136985724662
Organic Russet Potato,Bag of Organic Bananas,0.00241,0.2469262295081967,2.0491803278688523
Organic Russet Potato,Organic Yellow Onion,0.00158,0.1618852459016393,4.638545727840669
Organic Russet Potato,Organic Hass Avocado,0.00149,0.1526639344262295,2.2850461671341047
Organic Russet Potato,Organic Strawberries,0.00149,0.1526639344262295,1.841099064474548
Organic Russet Potato,Organic Baby Spinach,0.00136,0.1393442622950819,1.8691383272311464
Organic Russet Potato,Organic Garlic,0.00118,0.1209016393442623,3.641615642899467
Organic Salted Butter,Bag of Organic Bananas,0.00103,0.2356979405034325,1.9559995062525524
Organic Shredded Carrots,Bag of Organic Bananas,0.00121,0.197389885807504,1.638090338651486
Organic Shredded Carrots,Organic Baby Spinach,0.00112,0.1827079934747145,2.4508114483529777
Organic Shredded Mozzarella,Organic Strawberries,0.00149,0.2466887417218543,2.975021004846289
Organic Shredded Mozzarella,Bag of Organic Bananas,0.00127,0.2102649006622516,1.7449369349564452
Organic Shredded Mozzarella,Organic Baby Spinach,0.0011,0.1821192052980132,2.442913551951888
Organic Shredded Mozzarella,Organic Hass Avocado,0.001,0.1655629139072847,2.4781157597258607
Organic Small Bunch Celery,Bag of Organic Bananas,0.00474,0.2196478220574606,1.8228035025515408
Organic Small Bunch Celery,Organic Hass Avocado,0.0039,0.180722891566265,2.70502756423088
Organic Small Bunch Celery,Organic Baby Spinach,0.00376,0.1742354031510658,2.337161678753397
Organic Small Bunch Celery,Organic Strawberries,0.00345,0.159870250231696,1.9280059121043904
Organic Small Bunch Celery,Organic Yellow Onion,0.0033,0.1529193697868396,4.3816438334338015
Organic Small Bunch Celery,Organic Garlic,0.00281,0.1302131603336422,3.9220831425795866
Organic Small Bunch Celery,Organic Cucumber,0.00257,0.1190917516218721,4.746582368348828
Organic Small Bunch Celery,Carrots,0.00247,0.1144578313253012,5.062265870203503
Organic Small Bunch Celery,Organic Italian Parsley Bunch,0.00246,0.1139944392956441,6.047450360511625
Organic Small Bunch Celery,Large Lemon,0.00228,0.1056533827618165,2.236997305988069
Organic Small Bunch Celery,Organic Lemon,0.00224,0.1037998146431881,3.739186406454904
Organic Snipped Green Beans,Organic Strawberries,0.00127,0.2504930966469428,3.020900827869547
Organic Snipped Green Beans,Bag of Organic Bananas,0.00115,0.2268244575936883,1.882360643931024
Organic Sour Cream,Bag of Organic Bananas,0.00163,0.2,1.6597510373443984
Organic Sour Cream,Organic Strawberries,0.00126,0.154601226993865,1.8644624577166555
Organic Sour Cream,Organic Hass Avocado,0.00122,0.1496932515337423,2.2405815227322607
Organic Sour Cream,Organic Baby Spinach,0.00101,0.1239263803680981,1.662325692395683
Organic Spaghetti Squash,Organic Baby Spinach,0.00106,0.2511848341232227,3.369347204872202
Organic Spring Mix,Organic Baby Spinach,0.00127,0.1297242083758937,1.7400966918295608
Organic Spring Mix,Organic Hass Avocado,0.00124,0.1266598569969356,1.89582183800233
Organic Spring Mix,Organic Strawberries,0.00122,0.1246169560776302,1.5028576468599883
Organic Spring Mix Salad,Organic Baby Spinach,0.00137,0.2082066869300911,2.792846236486803
Organic Spring Mix Salad,Bag of Organic Bananas,0.0012,0.182370820668693,1.5134507939310624
Organic Sticks Low Moisture Part Skim Mozzarella String Cheese,Bag of Organic Bananas,0.00253,0.2395833333333333,1.988243430152144
Organic Sticks Low Moisture Part Skim Mozzarella String Cheese,Banana,0.00244,0.231060606060606,1.59693555919971
Organic Sticks Low Moisture Part Skim Mozzarella String Cheese,Organic Strawberries,0.00229,0.2168560606060606,2.615244339195135
Organic Sticks Low Moisture Part Skim Mozzarella String Cheese,Organic Hass Avocado,0.00145,0.137310606060606,2.055240324212035
Organic Strawberries,Bag of Organic Bananas,0.01899,0.2290159189580318,1.9005470452948705
Organic Strawberries,Organic Hass Avocado,0.01278,0.1541244573082489,2.3069070095531945
Organic Strawberries,Organic Baby Spinach,0.01169,0.1409792571152918,1.891069847287617
Organic Strawberries,Organic Raspberries,0.01051,0.126748673420164,2.9401223247544426
Organic Strawberry Smoothie,Banana,0.00105,0.2748691099476439,1.8997104841222197
Organic Thompson Seedless Raisins,Bag of Organic Bananas,0.00119,0.3148148148148148,2.612571077301368
Organic Thyme,Organic Garlic,0.00128,0.1990668740279938,5.995990181566079
Organic Thyme,Organic Yellow Onion,0.00124,0.192846034214619,5.525674332797106
Organic Tomato Basil Pasta Sauce,Bag of Organic Bananas,0.001,0.2,1.6597510373443984
Organic Tomato Cluster,Bag of Organic Bananas,0.00454,0.2359667359667359,1.9582301739978087
Organic Tomato Cluster,Organic Hass Avocado,0.00386,0.2006237006237006,3.0028992759122985
Organic Tomato Cluster,Organic Strawberries,0.00356,0.185031185031185,2.2314421735550534
Organic Tomato Cluster,Organic Baby Spinach,0.0033,0.1715176715176715,2.300706526058639
Organic Tomato Cluster,Organic Cucumber,0.00236,0.1226611226611226,4.888845064213737
Organic Tomato Cluster,Organic Yellow Onion,0.00207,0.1075883575883575,3.082760962417123
Organic Tomato Cluster,Limes,0.00201,0.1044698544698544,2.4679861674900656
Organic Tomato Cluster,Organic Avocado,0.00196,0.1018711018711018,1.8688516211906412
Organic Tomato Cluster,Organic Garlic,0.00194,0.1008316008316008,3.0370964105903866
Organic Tomato Paste,Banana,0.00127,0.2292418772563177,1.5843657284975996
Organic Turkey Bacon,Bag of Organic Bananas,0.00103,0.2132505175983437,1.7697138389904044
Organic Unsalted Butter,Bag of Organic Bananas,0.00171,0.2375,1.970954356846473
Organic Unsalted Butter,Organic Strawberries,0.00137,0.1902777777777777,2.294715120330171
Organic Unsalted Butter,Organic Baby Spinach,0.00109,0.1513888888888889,2.030702734928087
Organic Unsweetened Almond Milk,Bag of Organic Bananas,0.00422,0.2331491712707182,1.934847894362807
Organic Unsweetened Almond Milk,Organic Baby Spinach,0.00298,0.1646408839779005,2.208462561742462
Organic Unsweetened Almond Milk,Organic Hass Avocado,0.0028,0.154696132596685,2.31546374190518
Organic Unsweetened Almond Milk,Organic Strawberries,0.00274,0.1513812154696132,1.8256297089919595
Organic Unsweetened Vanilla Almond Milk,Bag of Organic Bananas,0.00122,0.2364341085271318,1.9621087844575251
Organic Unsweetened Vanilla Almond Milk,Organic Baby Spinach,0.00101,0.1957364341085271,2.625572556787755
Organic White Onions,Bag of Organic Bananas,0.0013,0.1841359773371104,1.5280993969884686
Organic White Onions,Organic Garlic,0.00122,0.1728045325779036,5.204955800539268
Organic White Onions,Organic Baby Spinach,0.0012,0.1699716713881019,2.279968764427927
Organic White Onions,Organic Hass Avocado,0.00112,0.1586402266288951,2.3744982282427056
Organic White Onions,Organic Strawberries,0.00104,0.1473087818696883,1.7765169062914663
Organic Whole Grain Wheat English Muffins,Bag of Organic Bananas,0.00124,0.2844036697247706,2.360196429251209
Organic Whole Grassmilk Milk,Bag of Organic Bananas,0.00121,0.2505175983436852,2.078984218619795
Organic Whole Milk,Banana,0.00952,0.2222741069343917,1.5362091847010282
Organic Whole Milk,Bag of Organic Bananas,0.00846,0.197525099229512,1.639212441738689
Organic Whole Milk,Organic Strawberries,0.00771,0.1800140088722857,2.1709359487733453
Organic Whole Milk,Organic Baby Spinach,0.0051,0.1190754144291384,1.5972557267490068
Organic Whole Milk,Organic Hass Avocado,0.00471,0.1099696474433808,1.64600579918247
Organic Whole Milk with DHA Omega-3,Banana,0.00116,0.2685185185185185,1.8558194658823584
Organic Whole Strawberries,Bag of Organic Bananas,0.00263,0.2733887733887734,2.2687865011516464
Organic Whole Strawberries,Organic Baby Spinach,0.00227,0.2359667359667359,3.165214432820066
Organic Whole Strawberries,Frozen Organic Wild Blueberries,0.00219,0.2276507276507276,23.88779933375946
Organic Whole Strawberries,Organic Strawberries,0.00156,0.1621621621621621,1.955645949857238
Organic Whole Strawberries,Organic Raspberries,0.00155,0.1611226611226611,3.737477641444238
Organic Whole Strawberries,Organic Hass Avocado,0.00154,0.16008316008316,2.396095795287533
Organic Whole Strawberries,Organic Blueberries,0.00105,0.1091476091476091,3.534572835090969
Organic Whole Strawberries,Organic Avocado,0.00102,0.106029106029106,1.9451312791984228
Organic Whole String Cheese,Bag of Organic Bananas,0.00447,0.2464167585446527,2.044952353067657
Organic Whole String Cheese,Organic Strawberries,0.00435,0.2398015435501653,2.8919626573826025
Organic Whole String Cheese,Banana,0.00422,0.2326350606394708,1.6078171306895483
Organic Whole String Cheese,Organic Hass Avocado,0.00326,0.1797133406835722,2.689916789156896
Organic Whole String Cheese,Organic Whole Milk,0.00276,0.1521499448732083,3.552415243362325
Organic Whole String Cheese,Organic Baby Spinach,0.0026,0.1433296582138919,1.9225976956927155
Organic Whole String Cheese,Organic Raspberries,0.00206,0.113561190738699,2.6342192238157973
Organic Yams,Bag of Organic Bananas,0.00119,0.1862284820031299,1.5454645809388374
Organic Yams,Organic Strawberries,0.00111,0.1737089201877934,2.0948977350192166
Organic Yams,Organic Baby Spinach,0.00101,0.1580594679186228,2.120180656185417
Organic Yellow Onion,Bag of Organic Bananas,0.00751,0.2151862464183381,1.78577797857542
Organic Yellow Onion,Organic Garlic,0.00671,0.1922636103151862,5.791072599855007
Organic Yellow Onion,Organic Hass Avocado,0.00631,0.1808022922636103,2.706216019512204
Organic Yellow Onion,Organic Baby Spinach,0.00564,0.1616045845272206,2.1677341988896126
Organic Yellow Onion,Organic Strawberries,0.00515,0.1475644699140401,1.779600457236374
Organic Yellow Onion,Limes,0.00379,0.1085959885386819,2.565461576628442
Organic Yellow Onion,Organic Zucchini,0.00353,0.1011461318051576,3.170725134957918
Organic Yellow Peaches,Organic Strawberries,0.00245,0.3597650513950073,4.3387005715751
Organic Yellow Peaches,Bag of Organic Bananas,0.00154,0.2261380323054331,1.8766641685098189
Organic Yellow Peaches,Organic Hass Avocado,0.0014,0.2055800293685756,3.0770847084055624
Organic Yellow Peaches,Organic Baby Spinach,0.00106,0.1556534508076358,2.087906784810675
Organic Yellow Squash,Organic Zucchini,0.0017,0.4709141274238227,14.762198351843974
Organic Zucchini,Bag of Organic Bananas,0.00666,0.2087774294670846,1.7325927756604538
Organic Zucchini,Organic Baby Spinach,0.00641,0.2009404388714733,2.6953781203416947
Organic Zucchini,Organic Hass Avocado,0.0054,0.1692789968652037,2.533737417530366
Organic Zucchini,Organic Strawberries,0.00495,0.1551724137931034,1.871350865811668
Organic Zucchini,Organic Yellow Onion,0.00353,0.1106583072100313,3.170725134957918
Organic Zucchini,Large Lemon,0.00338,0.1059561128526646,2.2434070051379336
Original Hummus,Banana,0.00537,0.2403760071620412,1.6613173485523614
Original Hummus,Bag of Organic Bananas,0.00411,0.1839749328558639,1.5267629282644308
Original Hummus,Organic Strawberries,0.00372,0.1665174574753805,2.008170012968892
Original Hummus,Organic Baby Spinach,0.00341,0.1526410026857654,2.047498359299335
Original Hummus,Organic Hass Avocado,0.00312,0.1396598030438675,2.090402679896236
Original Hummus,Organic Avocado,0.00248,0.1110116383169203,2.0365371182704157
Original Hummus,Organic Raspberries,0.00224,0.1002685765443151,2.3258774424568576
Original No Pulp 100% Florida Orange Juice,Banana,0.00165,0.2606635071090047,1.80153090821069
Original Orange Juice,Banana,0.00181,0.231162196679438,1.5976376852542542
Original Veggie Straws,Bag of Organic Bananas,0.00133,0.2321116928446771,1.9262381148935863
Original Veggie Straws,Organic Strawberries,0.00128,0.2233856893542757,2.6939904649574986
Peach Pear Flavored Sparkling Water,Sparkling Water Grapefruit,0.00194,0.3079365079365079,12.87359983012157
Peach Pear Flavored Sparkling Water,Lime Sparkling Water,0.00141,0.2238095238095238,14.920634920634924
Peach Pear Flavored Sparkling Water,Sparkling Lemon Water,0.00102,0.1619047619047619,15.658100764483745
Pineapple Chunks,Organic Baby Spinach,0.0018,0.2374670184696569,3.18533894660841
Pineapple Chunks,Banana,0.00174,0.2295514511873351,1.5865052953717265
Pineapple Chunks,Bag of Organic Bananas,0.00155,0.204485488126649,1.6969750052004071
Pineapple Chunks,Organic Hass Avocado,0.00115,0.1517150395778364,2.270843280614226
Pineapple Chunks,Organic Strawberries,0.00107,0.1411609498680738,1.7023751793062456
Plain Greek Yogurt,Bag of Organic Bananas,0.00107,0.2404494382022471,1.995431022425288
Pure Irish Butter,Bag of Organic Bananas,0.00193,0.1812206572769953,1.5039058695186334
Pure Sparkling Water,Sparkling Water Grapefruit,0.00192,0.2204362801377726,9.215563550910227
Pure Sparkling Water,Sparkling Lemon Water,0.00127,0.1458094144661308,14.101490760747668
Pure Sparkling Water,Lime Sparkling Water,0.00112,0.1285878300803673,8.572522005357825
Raisin Bran Cereal,Banana,0.00112,0.2466960352422907,1.7049971334735692
Raspberries,Strawberries,0.00375,0.2134319863403528,4.794069774042068
Raspberries,Organic Blueberries,0.00199,0.1132612407512806,3.667786293759087
Raspberries,Blackberries,0.00196,0.1115537848605577,15.26043568543882
Raspberries,Blueberries,0.00186,0.105862265224815,5.917398838726386
Red Onion,Banana,0.00325,0.2484709480122324,1.7172641372052828
Red Onion,Large Lemon,0.00214,0.1636085626911315,3.464081361235052
Red Onion,Limes,0.00201,0.1536697247706422,3.6302793472866095
Red Onion,Organic Avocado,0.00186,0.1422018348623853,2.6087293131973093
Red Onion,Organic Baby Spinach,0.00152,0.1162079510703364,1.5587921002057197
Red Onion,Cucumber Kirby,0.00144,0.110091743119266,3.597769382982551
Red Peppers,Banana,0.00468,0.2638105975197294,1.8232814812338756
Red Peppers,Organic Baby Spinach,0.00269,0.1516347237880496,2.034000319088526
Red Peppers,Organic Hass Avocado,0.00226,0.1273957158962796,1.9068360409561385
Red Peppers,Limes,0.00218,0.1228861330326945,2.9030506268059177
Red Peppers,Green Bell Pepper,0.00206,0.1161217587373168,6.907897604837408
Red Peppers,Organic Avocado,0.00203,0.1144306651634723,2.099260047027561
Red Peppers,Cucumber Kirby,0.00198,0.1116121758737316,3.647456727899729
Red Peppers,Organic Yellow Onion,0.00187,0.1054114994363021,3.0203868033324395
Red Peppers,Organic Zucchini,0.00184,0.1037204058624577,3.251423381268268
Red Raspberries,Banana,0.00243,0.3003708281829418,2.075961214893509
Red Raspberries,Strawberries,0.00138,0.1705809641532756,3.831558044772589
Red Raspberries,Organic Strawberries,0.00111,0.1372064276885043,1.654684366720988
Red Raspberries,Organic Hass Avocado,0.001,0.1236093943139678,1.8501630641216564
Red Vine Tomato,Banana,0.00451,0.2638970157987126,1.823878746276264
Red Vine Tomato,Organic Avocado,0.00249,0.1456992393212405,2.672890099454054
Red Vine Tomato,Organic Baby Spinach,0.00246,0.1439438267992978,1.9308360402320297
Red Vine Tomato,Large Lemon,0.00219,0.1281451141018139,2.713214357438364
Red Vine Tomato,Limes,0.00218,0.1275599765944997,3.013465074285369
Red Vine Tomato,Cucumber Kirby,0.00213,0.1246342890579286,4.0730159822852485
Red Vine Tomato,Organic Hass Avocado,0.00178,0.1041544763019309,1.5589653689856453
Roasted Turkey Breast,Banana,0.00131,0.2504780114722753,1.7311356104241848
Roma Tomato,Banana,0.00329,0.2638331996792301,1.8234376921641449
Roma Tomato,Organic Avocado,0.00168,0.1347233360064154,2.471534324094944
Roma Tomato,Large Lemon,0.00147,0.1178829190056134,2.495933072318727
Roma Tomato,Cucumber Kirby,0.00134,0.107457898957498,3.5116960443626795
Roma Tomato,Limes,0.00128,0.1026463512429831,2.4249078961252817
Romaine Hearts,Organic Strawberries,0.00116,0.142156862745098,1.7143857060431509
Romaine Hearts,Organic Baby Spinach,0.00105,0.1286764705882352,1.7260425296879311
Russet Potato,Banana,0.00242,0.2607758620689655,1.802307430153884
Russet Potato,Organic Baby Spinach,0.00108,0.1163793103448275,1.5610906820231734
Russet Potato,Organic Avocado,0.00101,0.1088362068965517,1.9966282681444087
Salted Butter,Banana,0.00139,0.2297520661157024,1.587891810876373
Sea Salt Pita Chips,Banana,0.00126,0.2395437262357414,1.6555651823605049
Seedless Red Grapes,Banana,0.00779,0.3051312181746964,2.108861829944684
Seedless Red Grapes,Organic Strawberries,0.00428,0.1676459067763415,2.021778904683328
Seedless Red Grapes,Strawberries,0.00342,0.1339600470035252,3.008985781750343
Seedless Red Grapes,Organic Baby Spinach,0.00323,0.126517822169996,1.6970868164989412
Seedless Red Grapes,Organic Hass Avocado,0.00274,0.1073247160203681,1.606416943876189
Seedless Red Grapes,Organic Avocado,0.00256,0.1002741872307089,1.8395558105064935
Shallot,Large Lemon,0.0012,0.2150537634408602,4.5533297362028415
Sharp Cheddar Cheese,Banana,0.00219,0.2278876170655567,1.5750059925741702
Sharp Cheddar Cheese,Organic Baby Spinach,0.00131,0.1363163371488033,1.828522295758596
Shredded Mild Cheddar Cheese,Banana,0.00194,0.2360097323600973,1.631140592716133
Shredded Mild Cheddar Cheese,Organic Strawberries,0.00158,0.1922141119221411,2.318066955163304
Shredded Mild Cheddar Cheese,Organic Hass Avocado,0.00123,0.1496350364963503,2.239710170578512
Shredded Mild Cheddar Cheese,Organic Baby Spinach,0.00122,0.1484184914841849,1.990858370009187
Shredded Mozzarella,Banana,0.00145,0.2350081037277147,1.6242180090380447
Shredded Mozzarella,Organic Baby Spinach,0.00124,0.2009724473257698,2.695807475865457
Shredded Parmesan,Bag of Organic Bananas,0.00216,0.1942446043165467,1.6119884175647037
Shredded Parmesan,Organic Baby Spinach,0.00194,0.1744604316546762,2.340180169747502
Shredded Parmesan,Organic Strawberries,0.00182,0.1636690647482014,1.973818918815744
Shredded Parmesan,Organic Hass Avocado,0.00153,0.1375899280575539,2.0594211653577905
Shredded Parmesan,Organic Avocado,0.00135,0.1214028776978417,2.2271670830644235
Shredded Parmesan,Large Lemon,0.00112,0.1007194244604316,2.1325306894014746
Small Hass Avocado,Banana,0.00451,0.2963206307490145,2.047968973315464
Small Hass Avocado,Organic Baby Spinach,0.00175,0.1149802890932983,1.542324468052291
Soda,Zero Calorie Cola,0.00129,0.1120764552562988,41.05364661402889
Sour Cream,Banana,0.00161,0.2371134020618557,1.638768415660071
Sourdough Bread,Banana,0.0011,0.2222222222222222,1.5358505924543655
Spaghetti,Banana,0.00128,0.2612244897959184,1.805408043374928
Sparkling Lemon Water,Sparkling Water Grapefruit,0.00282,0.2727272727272727,11.401641836424444
Sparkling Lemon Water,Lime Sparkling Water,0.0028,0.2707930367504835,18.052869116698904
Sparkling Lemon Water,Pure Sparkling Water,0.00127,0.1228239845261121,14.101490760747668
Sparkling Lemon Water,Sparkling Water Berry,0.00116,0.1121856866537717,21.82600907660929
Sparkling Natural Mineral Water,Organic Hass Avocado,0.00171,0.1272321428571428,1.904387709282186
Sparkling Water Berry,Sparkling Water Grapefruit,0.00161,0.3132295719844358,13.094881771924577
Sparkling Water Berry,Banana,0.00123,0.2392996108949416,1.653878021251929
Sparkling Water Berry,Lime Sparkling Water,0.00122,0.2373540856031128,15.823605706874192
Sparkling Water Berry,Sparkling Lemon Water,0.00116,0.2256809338521401,21.826009076609296
Sparkling Water Grapefruit,Lime Sparkling Water,0.00426,0.1780936454849498,11.872909698996656
Sparkling Water Grapefruit,Sparkling Lemon Water,0.00282,0.1178929765886287,11.401641836424446
Spinach,Banana,0.00142,0.2639405204460966,1.8241794211493303
Spring Water,Organic Hass Avocado,0.00173,0.1003480278422273,1.5019911366895284
Strawberries,Banana,0.01242,0.2789757412398922,1.9280927585865797
Strawberry Preserves,Banana,0.00109,0.2193158953722334,1.51576401528947
Super Greens Salad,Bag of Organic Bananas,0.00109,0.2379912663755458,1.9750312562285963
Sustainably Soft Bath Tissue,Bag of Organic Bananas,0.001,0.1919385796545105,1.5928512834399218
Sweet Onion,Bag of Organic Bananas,0.00114,0.1847649918962722,1.5333194348238364
Total 0% Greek Yogurt,Banana,0.00214,0.2834437086092715,1.9589723450775551
Total 0% Greek Yogurt,Organic Strawberries,0.00105,0.1390728476821192,1.677193049712002
Total 0% Greek Yogurt,Organic Baby Spinach,0.00101,0.1337748344370861,1.7944310454337504
Total 0% Nonfat Greek Yogurt,Banana,0.00229,0.2851805728518057,1.9709763829691456
Total 0% Nonfat Plain Greek Yogurt,Banana,0.00128,0.2949308755760368,2.0383639199394348
Total 0% Raspberry Yogurt,Banana,0.00112,0.3111111111111111,2.1501908294361125
Total 2% All Natural Greek Strained Yogurt with Honey,Banana,0.00199,0.2646276595744681,1.8289284648176656
Total 2% All Natural Greek Strained Yogurt with Honey,Total 2% with Strawberry Lowfat Greek Strained Yogurt,0.00194,0.2579787234042553,27.473772460517072
Total 2% All Natural Greek Strained Yogurt with Honey,Total 2% Lowfat Greek Strained Yogurt with Peach,0.00121,0.1609042553191489,26.20590477510569
Total 2% All Natural Greek Strained Yogurt with Honey,Total 2% Lowfat Greek Strained Yogurt With Blueberry,0.00119,0.1582446808510638,24.881239127525763
Total 2% All Natural Low Fat 2% Milkfat Greek Strained Yogurt,Banana,0.00123,0.25625,1.7710277144239408
Total 2% All Natural Plain Greek Yogurt,Banana,0.00138,0.2716535433070866,1.877486649437325
Total 2% Greek Strained Yogurt with Cherry 5.3 oz,Total 2% with Strawberry Lowfat Greek Strained Yogurt,0.00165,0.3,31.948881789137378
Total 2% Greek Strained Yogurt with Cherry 5.3 oz,Total 2% Lowfat Greek Strained Yogurt With Blueberry,0.00163,0.2963636363636364,46.5980560320183
Total 2% Greek Strained Yogurt with Cherry 5.3 oz,Banana,0.00159,0.2890909090909091,1.998001998001998
Total 2% Greek Strained Yogurt with Cherry 5.3 oz,Total 2% Lowfat Greek Strained Yogurt with Peach,0.00153,0.2781818181818182,45.30648504589873
Total 2% Lowfat Greek Strained Yogurt With Blueberry,Banana,0.00182,0.2861635220125786,1.9777698666983108
Total 2% Lowfat Greek Strained Yogurt With Blueberry,Total 2% Greek Strained Yogurt with Cherry 5.3 oz,0.00163,0.2562893081761006,46.5980560320183
Total 2% Lowfat Greek Strained Yogurt With Blueberry,Total 2% All Natural Greek Strained Yogurt with Honey,0.00119,0.1871069182389937,24.881239127525763
Total 2% Lowfat Greek Strained Yogurt with Peach,Total 2% with Strawberry Lowfat Greek Strained Yogurt,0.00256,0.4169381107491857,44.40235471237335
Total 2% Lowfat Greek Strained Yogurt with Peach,Banana,0.00165,0.2687296416938111,1.8572786073247012
Total 2% Lowfat Greek Strained Yogurt with Peach,Total 2% Greek Strained Yogurt with Cherry 5.3 oz,0.00153,0.249185667752443,45.30648504589873
Total 2% Lowfat Greek Strained Yogurt with Peach,Total 2% All Natural Greek Strained Yogurt with Honey,0.00121,0.1970684039087948,26.20590477510569
Total 2% Lowfat Plain Greek Yogurt,Banana,0.00115,0.2259332023575638,1.5614983921318946
Total 2% with Strawberry Lowfat Greek Strained Yogurt,Banana,0.00268,0.2854100106496272,1.9725621027688656
Total 2% with Strawberry Lowfat Greek Strained Yogurt,Total 2% Lowfat Greek Strained Yogurt with Peach,0.00256,0.2726304579339723,44.40235471237335
Total 2% with Strawberry Lowfat Greek Strained Yogurt,Total 2% All Natural Greek Strained Yogurt with Honey,0.00194,0.2066027689030883,27.473772460517072
Total 2% with Strawberry Lowfat Greek Strained Yogurt,Total 2% Greek Strained Yogurt with Cherry 5.3 oz,0.00165,0.1757188498402555,31.948881789137378
Total 2% with Strawberry Lowfat Greek Strained Yogurt,Organic Strawberries,0.00144,0.1533546325878594,1.849428757692468
Total Greek Strained Yogurt,Banana,0.00188,0.2248803827751196,1.5542220110243945
Total Greek Strained Yogurt,Organic Hass Avocado,0.00137,0.1638755980861244,2.452860321600425
Total Greek Strained Yogurt,Organic Strawberries,0.0013,0.1555023923444976,1.875330346653372
Total Greek Strained Yogurt,Organic Whole Milk,0.00109,0.1303827751196172,3.044192741527369
Uncured Genoa Salami,Bag of Organic Bananas,0.00245,0.1977401129943502,1.640996788334857
Uncured Genoa Salami,Organic Strawberries,0.00212,0.1711057304277643,2.063503743701933
Uncured Genoa Salami,Organic Hass Avocado,0.00179,0.1444713478611783,2.162421012740284
Uncured Genoa Salami,Organic Baby Spinach,0.00146,0.1178369652945924,1.5806433976471146
Uncured Hickory Smoked Sunday Bacon,Organic Strawberries,0.0012,0.180722891566265,2.179484944118006
Uncured Slow Cooked Ham,Banana,0.00101,0.2422062350119904,1.6739666529268808
Unsalted Butter,Banana,0.00265,0.2404718693284936,1.6619798833954913
Unsalted Butter,Organic Strawberries,0.00149,0.1352087114337568,1.6305922748885286
Unsalted Butter,Organic Baby Spinach,0.00146,0.132486388384755,1.7771480668645872
Unsalted Butter,Large Lemon,0.00132,0.1197822141560798,2.5361468167706933
Unsalted Butter,Organic Whole Milk,0.00125,0.1134301270417422,2.6483802718128016
Unsalted Butter,Organic Avocado,0.00115,0.1043557168784029,1.9144325239112616
Unsalted Pure Irish Butter,Bag of Organic Bananas,0.00111,0.1825657894736842,1.5150687923127322
Unsweetened Almondmilk,Bag of Organic Bananas,0.00367,0.232572877059569,1.9300653697889552
Unsweetened Almondmilk,Organic Hass Avocado,0.00247,0.1565272496831432,2.342871571368706
Unsweetened Almondmilk,Organic Baby Spinach,0.00221,0.1400506970849176,1.878614313680988
Unsweetened Almondmilk,Organic Strawberries,0.00197,0.1248415716096324,1.5055664690018389
Unsweetened Almondmilk,Organic Raspberries,0.00168,0.1064638783269962,2.469586600023108
Unsweetened Original Almond Breeze Almond Milk,Banana,0.00276,0.2596425211665099,1.7944745398196824
Unsweetened Original Almond Breeze Almond Milk,Organic Baby Spinach,0.00141,0.1326434619002822,1.7792550221365824
Unsweetened Vanilla Almond Milk,Bag of Organic Bananas,0.00145,0.183080808080808,1.5193428056498597
Vanilla Almond Breeze Almond Milk,Banana,0.00265,0.2831196581196581,1.956732725963495
Vanilla Almond Breeze Almond Milk,Organic Baby Spinach,0.00108,0.1153846153846153,1.5477480266212658
Vanilla Skyr Nonfat Yogurt,Banana,0.0014,0.2348993288590604,1.6234662302789438
Vine Ripe Tomatoes,Banana,0.00146,0.2902584493041749,2.006071250979162
Watermelon Chunks,Banana,0.00178,0.2345191040843214,1.6208383722739748
Watermelon Chunks,Bag of Organic Bananas,0.00159,0.2094861660079051,1.738474406704607
Watermelon Chunks,Organic Strawberries,0.00151,0.1989459815546772,2.39925206891796
Whipped Cream Cheese,Banana,0.00235,0.2437759336099585,1.6848153542743691
Whipped Cream Cheese,Organic Strawberries,0.00218,0.2261410788381743,2.727219957045035
Whipped Cream Cheese,Bag of Organic Bananas,0.00179,0.1856846473029045,1.540951429899623
Whipped Cream Cheese,Organic Baby Spinach,0.00136,0.1410788381742738,1.8924056093128625
Whipped Cream Cheese,Organic Hass Avocado,0.00134,0.1390041493775933,2.080588974369008
Whipped Cream Cheese,Organic Whole Milk,0.00102,0.1058091286307054,2.470444282762209
White Corn,Banana,0.00136,0.2454873646209386,1.696643614769083
White Corn,Organic Strawberries,0.00118,0.2129963898916967,2.5686974178931115
White Onion,Banana,0.0012,0.2343749999999999,1.6198424217292138
Whole Almonds,Banana,0.00108,0.2950819672131147,2.0394081637508794
Whole Milk,Banana,0.00255,0.2311876699909338,1.597813739656741
Whole Milk Plain Yogurt,Organic Whole Milk,0.0012,0.2591792656587473,6.051348719559826
Whole Milk Plain Yogurt,Banana,0.00108,0.2332613390928725,1.612145546291192
XL Emerald White Seedless Grapes,Banana,0.00155,0.3384279475982533,2.338986437198516
Yellow Bell Pepper,Orange Bell Pepper,0.00222,0.2817258883248731,22.885937313149725
Yellow Bell Pepper,Banana,0.0021,0.266497461928934,1.8418512815601211
Yellow Bell Pepper,Organic Avocado,0.00129,0.1637055837563451,3.0032211292670183
Yellow Bell Pepper,Red Peppers,0.00124,0.1573604060913705,8.8703723839555
Yellow Bell Pepper,Organic Baby Spinach,0.00122,0.1548223350253807,2.076758350441056
Yellow Bell Pepper,Large Lemon,0.00116,0.1472081218274111,3.1168351011520468
Yellow Bell Pepper,Cucumber Kirby,0.00115,0.1459390862944162,4.769251186092034
Yellow Bell Pepper,Organic Strawberries,0.00115,0.1459390862944162,1.7599986287315033
Yellow Bell Pepper,Limes,0.00103,0.1307106598984771,3.0878965248872468
Yellow Onions,Banana,0.00665,0.2896341463414634,2.00175648864098
Yellow Onions,Large Lemon,0.00318,0.1385017421602787,2.9324950700884767
Yellow Onions,Limes,0.00305,0.1328397212543554,3.138193273195261
Yellow Onions,Organic Baby Spinach,0.00302,0.1315331010452961,1.7643608456780169
Yellow Onions,Organic Avocado,0.00278,0.1210801393728222,2.2212463653058574
Yellow Onions,Organic Garlic,0.00272,0.1184668989547038,3.568280088997103
YoKids Blueberry & Strawberry/Vanilla Yogurt,Banana,0.00106,0.2872628726287262,1.9853678390263751
Zero Calorie Cola,Soda,0.00129,0.4725274725274725,41.05364661402889
